Date,Close,LogReturn,StdDev,CalculatedVolatility
01-06-2021,15572.0,,,
02-06-2021,15590.65,0.0011969458455311558,,
03-06-2021,15686.6,0.006135469134582818,0.003492063306736123,54.77860026744687
04-06-2021,15669.25,-0.0011066516628112685,0.0037000875530405816,57.97759689048113
07-06-2021,15746.25,0.0049020486188637545,0.003335384525627569,52.51979858666311
08-06-2021,15740.8,-0.0003461740654921067,0.0032094591784211546,50.519455035691706
09-06-2021,15640.25,-0.006408347974740298,0.004523948914824835,70.75569201508912
10-06-2021,15745.45,0.006703715002176701,0.004706899151155808,74.11224523956622
11-06-2021,15805.0,0.003774911021261118,0.004426147985250724,69.9552689068877
14-06-2021,15809.45,0.0002815168398875296,0.004173434217346269,65.97969958742497
15-06-2021,15858.05,0.0030693953204896573,0.003959153558181888,62.784455083326286
16-06-2021,15756.0,-0.006456012719298634,0.004509369507810525,71.04962596506263
17-06-2021,15680.3,-0.004816097716363311,0.0046228716046997935,72.48801362317417
18-06-2021,15719.85,0.0025190975785064668,0.004458699013344437,70.09007968492254
21-06-2021,15748.6,0.0018272274610992125,0.004293861316522313,67.6223043293833
22-06-2021,15765.85,0.0010947360161937504,0.00413834217785301,65.24448202470387
23-06-2021,15696.1,-0.004433934595434187,0.004208626178956618,66.05901736752097
24-06-2021,15794.15,0.006227344455076286,0.00430554023227007,68.00234825950834
25-06-2021,15849.35,0.0034888717109188023,0.004223626654217242,66.94173711201805
28-06-2021,15824.05,-0.0015975553859613513,0.004147029123305586,65.62279619864375
29-06-2021,15749.55,-0.004719141197795266,0.004223828589663357,66.52339956433252
30-06-2021,15730.65,-0.0012007549044068596,0.004134909534815436,65.04481467384443
01-07-2021,15694.35,-0.002310263557383242,0.0040789563598801,64.01656874668424
02-07-2021,15729.5,0.002237155196456005,0.00400443728975272,62.98779634916541
05-07-2021,15841.75,0.007110929912250713,0.004146553810051515,65.6886688203836
06-07-2021,15816.9,-0.0015698714318873941,0.004084902821760658,64.61049944150615
07-07-2021,15880.8,0.004031843733893598,0.004057782055242714,64.4408252628985
08-07-2021,15727.75,-0.00968416432406017,0.0044574260822413045,70.10528306497068
09-07-2021,15699.65,-0.0017882489476228785,0.004393052974388947,68.96939412936543
12-07-2021,15690.6,-0.0005766121805813044,0.004316903820937594,67.73481109280343
13-07-2021,15807.9,0.007448008143014112,0.004440103107486535,70.1887059128364
14-07-2021,15844.85,0.0023347113147615304,0.0043778775108825494,69.36681247830737
15-07-2021,15918.2,0.004618582307904248,0.004366031347359979,69.49936019354561
16-07-2021,15921.2,0.00018844576272652493,0.004298147446955693,68.43166513247098
19-07-2021,15758.25,-0.010287516804833311,0.004631085166940862,72.97779783194584
20-07-2021,15624.5,-0.008523842544676903,0.004802693168214707,75.03967940677069
22-07-2021,15829.55,0.013038251341139477,0.00520187930717397,82.34340858687571
23-07-2021,15850.4,0.0013162901463181598,0.005131073217925854,81.32956293341196
26-07-2021,15821.15,-0.0018470841064657116,0.0050753053345035095,80.2971669929802
27-07-2021,15744.65,-0.004847027464668844,0.005078540037862045,79.95983540712466
28-07-2021,15714.65,-0.0019072267401871446,0.005024952102064914,78.9653635507144
29-07-2021,15783.3,0.004359020742738621,0.005003511052515003,78.97191599516005
30-07-2021,15774.55,-0.0005545371579005988,0.0049439948846871995,77.98929450824247
02-08-2021,15887.75,0.007150490161567281,0.004995000685846063,79.3593221465508
03-08-2021,16125.75,0.014869001195114941,0.005392953109163212,86.96541360008867
04-08-2021,16253.0,0.00786013389292787,0.005434377244914171,88.32493336159003
05-08-2021,16281.8,0.001770412452049029,0.005375013422906001,87.51489354907092
06-08-2021,16254.7,-0.0016658218472661965,0.005330142218285034,86.63986271555774
09-08-2021,16252.95,-0.00010766696464932983,0.005275190941562816,85.73741461367338
10-08-2021,16268.95,0.0009839524314928737,0.005219968466413012,84.92340598164996
11-08-2021,16276.0,0.00043324694677827094,0.005166839003907765,84.09547162760279
12-08-2021,16359.9,0.00514158854703865,0.005149531620003007,84.2458223500872
13-08-2021,16517.0,0.009556934852471183,0.005236070203512574,86.48417155141718
16-08-2021,16546.7,0.001796532631746285,0.005186279912803262,85.81581783318174
17-08-2021,16611.2,0.0038904804800733287,0.005150682810172823,85.5590222963428
18-08-2021,16552.05,-0.003567205429106629,0.005143035799797625,85.12778571004027
20-08-2021,16415.7,-0.008271767254095543,0.005248004118925944,86.14966121505263
23-08-2021,16487.9,0.0043885845852128435,0.005220930092788291,86.08217327688408
24-08-2021,16614.35,0.007640001212561261,0.005247804541100901,87.18886137743975
25-08-2021,16633.25,0.001136924291428021,0.0052023687883221625,86.53230064835961
26-08-2021,16633.5,1.5030022470236204e-05,0.005160055581658129,85.82978451751049
27-08-2021,16690.15,0.0033999909717293973,0.0051253482506296985,85.54283110524727
30-08-2021,16938.5,0.014770412436525953,0.005369967031855444,90.95918656908344
31-08-2021,17130.35,0.011262606630459278,0.005470741728881788,93.71572057535012
01-09-2021,17058.5,-0.00420313089074332,0.005473997654411502,93.3781889877786
02-09-2021,17233.15,0.010186241264599898,0.005538724984887613,95.44967847331598
03-09-2021,17320.55,0.005058803334594007,0.005512808452549461,95.48487444280556
06-09-2021,17379.65,0.003406323718305256,0.005475273333336203,95.15833418771655
07-09-2021,17356.3,-0.0013444286692647993,0.005446291146868482,94.52746303239343
08-09-2021,17368.05,0.0006767585540670974,0.005407227401984899,93.91299587904382
09-09-2021,17357.35,-0.0006162636190591926,0.005374327969814633,93.28409158686202
13-09-2021,17351.3,-0.0003486162706571132,0.005340560265751357,92.66566333913151
14-09-2021,17381.9,0.0017620033810229901,0.005302891595262406,92.17433141969163
15-09-2021,17517.7,0.007782363430828215,0.00531658630076308,93.13436384087741
16-09-2021,17627.55,0.00625122073248017,0.0053075060631336095,93.55832850319085
17-09-2021,17601.2,-0.00149593754611773,0.005284227356885875,93.00874255401966
20-09-2021,17366.3,-0.013435534913451633,0.005526163769984103,95.96901787867493
21-09-2021,17566.8,0.01147921035866742,0.00560775210025724,98.51025959479887
22-09-2021,17548.35,-0.0010508285852557282,0.005579089077992277,97.90380782178578
23-09-2021,17826.3,0.015714966519327155,0.005768319884965594,102.82780076536216
24-09-2021,17842.65,0.0009167638040997537,0.005732383764166097,102.28091716969823
27-09-2021,17858.2,0.0008711277733365415,0.0056971907711252595,101.74157222890912
28-09-2021,17734.15,-0.006970627244058814,0.005742145621817272,101.83207177915078
29-09-2021,17709.45,-0.001393763838801487,0.005716387120070932,101.23407188354018
30-09-2021,17606.35,-0.00583876298425404,0.005738750138914638,101.03844350827974
01-10-2021,17528.05,-0.004457177559794613,0.005740500749636683,100.61978416466927
04-10-2021,17699.85,0.009753710099774908,0.005777425578644336,102.25956612816793
05-10-2021,17828.3,0.007230917437545152,0.005776628866016745,102.98747241200633
06-10-2021,17628.8,-0.011253154108887574,0.005903403071810758,104.06991207233747
07-10-2021,17796.2,0.009451023064941225,0.005931330395213338,105.55514197929561
08-10-2021,17907.4,0.006229083877267553,0.005918941694566557,105.99285650128117
11-10-2021,17954.95,0.00265180769607288,0.005887094495905608,105.7024873192604
12-10-2021,18004.05,0.002730889652918881,0.0058559207062393506,105.43028919116857
13-10-2021,18165.75,0.008941220424947612,0.005873852344432508,106.70293322587484
14-10-2021,18339.05,0.00949471312858535,0.005897857725178727,108.16110771493894
18-10-2021,18476.6,0.007472400461671202,0.005895810109101849,108.93452506183121
19-10-2021,18422.15,-0.00295132163138177,0.005884714504831269,108.40909331517737
20-10-2021,18282.3,-0.007620366291095551,0.005930808555710108,108.4288212580589
21-10-2021,18219.6,-0.0034354409861825736,0.005922516293669468,107.90587786414024
22-10-2021,18111.7,-0.005939799414651023,0.005940778932649919,107.59760579447554
25-10-2021,18135.85,0.001332504049146761,0.005910730550025434,107.19612264567877
26-10-2021,18308.1,0.009452942541051416,0.00593378458950327,108.63632164308481
27-10-2021,18184.85,-0.006754755021122331,0.005962043019784064,108.41885800832023
28-10-2021,17865.2,-0.017734143361553933,0.0062287224193750485,111.27737176661913
29-10-2021,17711.5,-0.008640540368014687,0.0062751032946693,111.1414920035353
01-11-2021,17946.2,0.013164247239649925,0.006352396913625411,114.00138549130436
02-11-2021,17889.15,-0.003184009543500371,0.006337404396285021,113.37077785580219
03-11-2021,17833.0,-0.0031437103446349084,0.006322109616965382,112.74218079934366
08-11-2021,18083.35,0.013940951940644502,0.006409587935296421,115.90682198974253
09-11-2021,18051.6,-0.0017573019013793377,0.006386937860517542,115.29444748291846
10-11-2021,18012.35,-0.002176689768987405,0.006366486894270145,114.67539021000684
11-11-2021,17886.7,-0.007000213827483379,0.006386537471544868,114.23407979228159
12-11-2021,18098.65,0.011779929941603571,0.0064351130889215265,116.4668595068096
15-11-2021,18093.6,-0.0002790652713094993,0.006408136443446796,115.94625755314894
16-11-2021,17962.85,-0.007252548329878205,0.006430138369545604,115.50361101139225
17-11-2021,17887.2,-0.004220363000129768,0.006422186708055584,114.87493808433184
18-11-2021,17746.2,-0.007913964758433449,0.006450018720908082,114.46332222497902
22-11-2021,17441.05,-0.0173447854045053,0.006645321644810665,115.90138707322504
23-11-2021,17496.85,0.00319424163700612,0.006620032596081343,115.82971732874583
24-11-2021,17358.6,-0.007932803908606194,0.006642449299832744,115.30362041607665
25-11-2021,17547.0,0.010794934310080488,0.00667571543292896,117.13877870160445
26-11-2021,17006.55,-0.031284431161853504,0.007266711200776246,123.58168737156126
29-11-2021,17040.7,0.0020060364024789916,0.0072375457193454154,123.33284533964942
30-11-2021,16975.15,-0.0038540904396053752,0.007219709543062693,122.55565244992069
01-12-2021,17186.8,0.012391137394666334,0.007266528862949481,124.88837826174014
02-12-2021,17404.35,0.012578527651005806,0.007313500882475112,127.2867290839057
03-12-2021,17209.55,-0.011255712682707988,0.007364113706583792,126.73308303913909
06-12-2021,16913.85,-0.01733164936532382,0.007509099333753768,127.00777976621116
07-12-2021,17179.2,0.0155665367700753,0.007594780468890041,130.4722526311558
08-12-2021,17469.15,0.01673711842768299,0.0076946121352506934,134.41833358251466
09-12-2021,17505.65,0.0020872178397562664,0.007665447828303476,134.18864677554075
10-12-2021,17497.35,-0.0004742450735974007,0.00763685287042234,133.6246875722843
13-12-2021,17385.5,-0.006412915419670108,0.007634156226891501,132.7236230826222
14-12-2021,17319.5,-0.0038034911145930776,0.007615810159808676,131.90202406280636
15-12-2021,17209.55,-0.006368572064330196,0.007612353928519579,131.0051855505541
16-12-2021,17287.25,0.00450477327734832,0.007590792376296801,131.22392550713687
17-12-2021,16995.65,-0.017011806610531068,0.0077148761802554745,131.11933535295896
20-12-2021,16613.0,-0.02277190755545826,0.00794252119150826,131.9491045545267
21-12-2021,16788.9,0.010532432351282432,0.007959682824798454,133.63431897725877
22-12-2021,16966.65,0.010531698813989744,0.007975896326970752,135.32424141599833
23-12-2021,17051.8,0.005006117435104011,0.007955806552913914,135.66082217897747
24-12-2021,16998.05,-0.0031571384100775,0.007933817739764738,134.859430631408
27-12-2021,17101.95,0.006093860500186979,0.007918960705050741,135.42967002974254
28-12-2021,17233.35,0.007653967868967217,0.007912672603834773,136.36185641729597
29-12-2021,17188.2,-0.002623358093609851,0.007889845585413858,135.61224389121048
30-12-2021,17230.25,0.0024434581407111592,0.007863757440155404,135.49450663323765
31-12-2021,17364.25,0.0077469349270454955,0.00785827872662843,136.45311637885774
03-01-2022,17637.1,0.015591143032721258,0.007926457084954507,139.79971625305112
04-01-2022,17806.85,0.009578576759416285,0.007931988192348957,141.24372394292902
05-01-2022,17909.5,0.0057480835882440275,0.007915091324910167,141.75532808347864
06-01-2022,17748.35,-0.009038744464216044,0.007930439082263449,140.75220848569046
07-01-2022,17818.2,0.003927852985682554,0.00790787093254465,140.9040258502671
10-01-2022,18005.45,0.010454083006212074,0.007919708214008447,142.5979102619184
11-01-2022,18059.15,0.0029779916974672933,0.007895307231792615,142.58253759502762
12-01-2022,18194.45,0.007464120979138144,0.007886852016014497,143.49693466277498
13-01-2022,18256.6,0.0034100559641399774,0.007863565685404496,143.56197329215573
14-01-2022,18234.8,-0.0011948022050886364,0.007840175045222797,142.96402391462865
17-01-2022,18308.85,0.00405269322313048,0.007818772988817767,143.15274183631615
18-01-2022,18114.6,-0.010666306549759976,0.007849194974978503,142.18502729374558
19-01-2022,17943.1,-0.009512603035994284,0.007868249156149846,141.18078143371227
20-01-2022,17777.85,-0.00925233952967884,0.007884356238741357,140.16690255890802
21-01-2022,17647.25,-0.007373336514717331,0.007886211338574402,139.16994304465712
24-01-2022,17113.55,-0.03070941648648306,0.008241709821609858,141.04491311761137
25-01-2022,17267.4,0.008949783349774558,0.008242328803177693,142.3235883759905
27-01-2022,17152.65,-0.00666765011236669,0.008236764352187353,141.28233606554642
28-01-2022,17104.65,-0.0028023242586007508,0.008215858229734117,140.52937946922168
31-01-2022,17339.0,0.013607943195573615,0.008253206841224783,143.10235341999652
01-02-2022,17604.1,0.01517352989732779,0.00830473339300705,146.19735712383542
02-02-2022,17791.6,0.010594606341195299,0.008314704719925566,147.9319004950277
03-02-2022,17520.25,-0.015369080988227935,0.008382629117594192,146.86575779752965
04-02-2022,17501.25,-0.001085047862833047,0.008358909789443383,146.291369952496
07-02-2022,17213.95,-0.016552205339458358,0.008437910198940125,145.24976426904536
08-02-2022,17239.2,0.0014657588360248016,0.008413469053624117,145.0414757092369
09-02-2022,17471.6,0.013390845080969776,0.008445228847787926,147.5516603370115
10-02-2022,17587.45,0.006608873980716054,0.008432831452555647,148.31200153024983
11-02-2022,17345.55,-0.013849590162922832,0.008480184458653147,147.0934635367911
14-02-2022,16819.7,-0.030785170869218507,0.00878095568701066,147.6930403688132
15-02-2022,17355.0,0.03132983083764071,0.009058623684056057,157.21241403679286
16-02-2022,17293.7,-0.003538375982755683,0.009038354363341236,156.30658885331434
17-02-2022,17276.4,-0.0010008649928209723,0.009013713455986342,155.72451915100245
18-02-2022,17268.75,-0.00044289864858320293,0.008988823734176454,155.22574985955964
21-02-2022,17204.3,-0.003739157114974912,0.00896955279896406,154.31487721921738
22-02-2022,17078.45,-0.00734191774668798,0.008963853068219715,153.088716432937
23-02-2022,17054.15,-0.0014238589562723999,0.008940333072326457,152.46978126541626
24-02-2022,16217.75,-0.050287254439120396,0.009670016043612457,156.82590269129594
25-02-2022,16669.65,0.02748337930891418,0.00984979992395307,164.1927173023243
28-02-2022,16787.65,0.007053796287646641,0.009835366901526128,165.11269716440512
02-03-2022,16628.75,-0.009510372013116294,0.009835650422153607,163.5545719573868
03-03-2022,16508.75,-0.007242581640101419,0.009824938555712313,162.19745438161564
04-03-2022,16242.95,-0.016231574892448024,0.009872377345604429,160.35653160578545
07-03-2022,15879.3,-0.02264259424055181,0.00998498702346808,158.55460444175668
08-03-2022,16016.7,0.008615553668601585,0.00997770678949532,159.8099363353097
09-03-2022,16370.05,0.021821517834645927,0.010073733399965031,164.90751944409755
10-03-2022,16566.3,0.011917065646633794,0.010082440375339083,167.02873198997983
11-03-2022,16621.85,0.0033475835125423344,0.010058633988601913,167.1931053634427
14-03-2022,16886.4,0.01579046932391075,0.010093530912957853,170.4434004085715
15-03-2022,16646.2,-0.01432660207901258,0.010122536309298644,168.5017639118471
16-03-2022,16966.35,0.019050008516841188,0.010184295176209477,172.79031646288163
17-03-2022,17299.4,0.01943984815433081,0.010247803344908647,177.28084918491265
21-03-2022,17112.85,-0.010842175530643738,0.010253638963190297,175.46898553123106
22-03-2022,17328.75,0.012537328579721304,0.010263351624327344,177.85105446006247
23-03-2022,17223.6,-0.006086435487250995,0.0102483069646378,176.5127398361356
24-03-2022,17197.95,-0.0014903457135233221,0.010223742494082257,175.82741222610196
25-03-2022,17179.45,-0.0010762885957555067,0.01019899854009215,175.2131854695861
28-03-2022,17215.15,0.0020759080100042526,0.01017445737671004,175.15480990866985
29-03-2022,17335.15,0.006946422029759718,0.010159496424602548,176.11639444494887
30-03-2022,17472.25,0.007877675954502948,0.010147632266986402,177.30196787685315
31-03-2022,17468.15,-0.00023468535098716367,0.010123122410168309,176.83222072918156
01-04-2022,17688.35,0.012527008068681702,0.01013270038244086,179.23075080974778
04-04-2022,18036.9,0.01951342872758459,0.010192511102507431,183.8413035048163
05-04-2022,17931.05,-0.005885812540225224,0.010178258479037845,182.50686170055155
06-04-2022,17798.0,-0.00744775553856946,0.01016936926102544,180.9944341077308
07-04-2022,17656.45,-0.007984935718482659,0.010162494327739675,179.43357297301918
08-04-2022,17800.65,0.008133817769060121,0.010151656775263826,180.70608917660005
11-04-2022,17681.15,-0.00673587314223232,0.010140300685941848,179.2921774732407
12-04-2022,17523.25,-0.008970529755086366,0.010137586278523333,177.643458755134
13-04-2022,17465.8,-0.003283887480682919,0.010117344991463524,176.7075241519036
18-04-2022,17185.8,-0.01616122166319227,0.010157304810221778,174.5614090075094
19-04-2022,16868.9,-0.018611771517121834,0.010215817178680978,172.32959840545158
20-04-2022,17149.3,0.01648566652547705,0.0102503927246174,175.78705995228117
21-04-2022,17400.1,0.014518596877996096,0.010270912587191181,178.71490610838526
22-04-2022,17169.5,-0.013341399404147646,0.010289781614845207,176.6704054360848
25-04-2022,16985.25,-0.010789233552441152,0.010294110129593938,174.84803407868543
26-04-2022,17200.05,0.012566970418109735,0.010303210677337001,177.21573881073027
27-04-2022,17038.2,-0.009454408773216556,0.010301343917498594,175.51635793512455
28-04-2022,17229.5,0.011165148947423934,0.01030334133854063,177.5214195923858
29-04-2022,17110.75,-0.0069161100075182036,0.010292088364646084,176.10535098536798
02-05-2022,17066.05,-0.0026158110465689735,0.010271265620495405,175.2899326426556
04-05-2022,16692.75,-0.02211661648832895,0.010356569449773995,172.87962468271485
05-05-2022,16671.6,-0.0012678204630384696,0.010334355261619703,172.29023717961903
06-05-2022,16440.25,-0.013974076635615592,0.010354619297014731,170.23252989774645
09-05-2022,16310.05,-0.00795111409291601,0.01034611696986081,168.7456850842783
10-05-2022,16209.2,-0.006202499954121582,0.010332253662268505,167.47756606244266
11-05-2022,16202.7,-0.00040108726036657076,0.010310030392489606,167.05032944039135
12-05-2022,15821.75,-0.023792319327007143,0.010406460247524955,164.64841242127795
13-05-2022,15770.5,-0.0032444694478721554,0.010386448354879214,163.79948378062264
16-05-2022,15863.4,0.005873462776862487,0.010371246709551677,164.52323505230206
17-05-2022,16280.45,0.025950432450380038,0.010484810990186577,170.69744108518307
18-05-2022,16256.45,-0.001475248370478742,0.010463223029518543,170.09486201821673
19-05-2022,15829.05,-0.026642893641691943,0.010584400330192725,167.54100204663715
20-05-2022,16280.9,0.02814578214380089,0.010716599772653128,174.4758892385883
23-05-2022,16191.65,-0.005496964342866586,0.010700512718608593,173.25895676025883
24-05-2022,16138.0,-0.0033189378324712075,0.010680633508629796,172.36406356226766
25-05-2022,16033.9,-0.00647150857191634,0.010666997654092299,171.0335736859505
26-05-2022,16201.9,0.010423288457332458,0.010665441235061118,172.8004123463367
27-05-2022,16356.1,0.009472397136269297,0.010660169436487557,174.35879732013413
30-05-2022,16668.7,0.018931792870641395,0.010705215644545083,178.44202801422864
31-05-2022,16581.0,-0.0052752477994060035,0.010689273776818534,177.23884849342812
01-06-2022,16543.95,-0.0022369854414976175,0.01066878645007504,176.50386959071895
02-06-2022,16638.8,0.005716841330269738,0.010652902124816127,177.25150787439057
03-06-2022,16584.5,-0.003268793187290609,0.010633839648833776,176.35691365608375
06-06-2022,16565.75,-0.001131213309066681,0.010612909773468333,175.81081007983303
07-06-2022,16404.85,-0.009760288094182714,0.010610488914106701,174.0634790625833
08-06-2022,16340.95,-0.0039027955407644247,0.010592566817237883,173.0926047321434
09-06-2022,16481.4,0.008558245052762436,0.010584642122511388,174.44972067795922
10-06-2022,16193.65,-0.017613282242171614,0.010622674415179386,172.01987154336965
13-06-2022,15800.3,-0.02459026289285832,0.01071402423476188,169.28479711650812
14-06-2022,15741.95,-0.0036998036957125277,0.010695645281211141,168.37031323456173
15-06-2022,15688.9,-0.00337566756075444,0.01067693698877404,167.50939672317702
16-06-2022,15348.35,-0.021945479539104012,0.010743347969526137,164.8926648080765
17-06-2022,15335.6,-0.0008310534161224272,0.010722695633064702,164.43897115042705
20-06-2022,15367.0,0.0020454300904527854,0.010702847787363938,164.47066194842162
21-06-2022,15631.5,0.017065756045259478,0.010734537053042576,167.79691594463503
22-06-2022,15401.1,-0.014849173678341624,0.010753163035454812,165.6105392253431
23-06-2022,15577.55,0.011391839748638893,0.0107557450528427,167.54815634790978
24-06-2022,15697.75,0.007686614793439012,0.010745730653192178,168.6837933611475
27-06-2022,15838.4,0.008919981201214849,0.010739277309557262,170.09296973969174
28-06-2022,15874.75,0.0022924254398518913,0.010719939390095615,170.17635783292036
29-06-2022,15783.7,-0.005752034672521779,0.010705758700719627,168.97648360454838
30-06-2022,15734.2,-0.003141074798682079,0.01068753815980872,168.15986291406236
01-07-2022,15766.6,0.0020570913389745572,0.010668361661818377,168.20379097722562
04-07-2022,15827.95,0.0038835860683527137,0.0106511384801145,168.5856873063283
05-07-2022,15799.95,-0.0017705890884292406,0.010632048270130541,167.98583106564905
06-07-2022,16008.05,0.01308494524388315,0.010641753307219932,170.35371902964204
07-07-2022,16139.0,0.008146982338850165,0.010633360217914887,171.61180055692836
08-07-2022,16218.45,0.004910780031576473,0.010617852194170656,172.20510491854708
11-07-2022,16199.05,-0.001196884541740078,0.010598838541434574,171.69111547462572
12-07-2022,16037.5,-0.010022868601767062,0.010597238089068295,169.95320585343276
13-07-2022,15975.75,-0.0038577824233883835,0.010580763712938685,169.0356358869802
14-07-2022,15947.95,-0.0017416531935379649,0.01056228696403725,168.44682438811788
15-07-2022,16052.85,0.006556109580951308,0.010550430020123997,169.36447054854753
18-07-2022,16280.05,0.01405402791696939,0.010564379422089354,171.98862521058578
19-07-2022,16329.3,0.0030206083498578724,0.01054694228143562,172.22418459624666
20-07-2022,16495.8,0.010144762877189612,0.010544914388903693,173.94679877647752
21-07-2022,16609.8,0.0068870795637209934,0.010533735627224478,174.9632420210731
22-07-2022,16714.3,0.0062717578294147185,0.010521268142132332,175.85563210804244
25-07-2022,16610.6,-0.0062235946525623104,0.010509763505566216,174.57347768555817
26-07-2022,16466.55,-0.008709995309944646,0.010504624557735098,172.97492551117287
27-07-2022,16642.45,0.01062560965146658,0.010504306219857264,174.81739104866352
28-07-2022,16922.05,0.016660845099535075,0.010530498015581254,178.19761394456677
29-07-2022,17157.55,0.013820804742452801,0.010542258589536566,180.8793288629031
01-08-2022,17331.5,0.010087345114708988,0.010539585045634787,182.6668182184193
02-08-2022,17295.05,-0.0021053216946737047,0.010522455630847855,181.98639625829517
03-08-2022,17392.9,0.005641743576143484,0.01050895426735749,182.7811906767221
04-08-2022,17364.0,-0.0016629795327114162,0.01049168045166791,182.1775393627616
05-08-2022,17389.8,0.0014847300001444557,0.010474023165967891,182.14116805154842
08-08-2022,17525.7,0.007784547624123371,0.010465122725485379,183.4086013500391
10-08-2022,17523.15,-0.00014551119391922732,0.010447478027759203,183.0727246021287
11-08-2022,17640.75,0.006688702813929941,0.010436240075452673,184.10310211104175
12-08-2022,17698.65,0.0032767988029223463,0.01042002602754724,184.42039365244895
16-08-2022,17828.9,0.007332370712824609,0.010410221106628073,185.60279108796126
17-08-2022,17929.05,0.005601566189986438,0.010397095260462095,186.41004077958792
18-08-2022,17964.45,0.001972502624584594,0.01038017087950579,186.4740607563378
19-08-2022,17728.2,-0.013238212922259195,0.01039286494794597,184.24678837017575
22-08-2022,17493.55,-0.013324350527930526,0.010405637701682392,182.031543416266
23-08-2022,17623.35,0.007392485732954926,0.01039626006425297,183.21692980335257
24-08-2022,17607.55,-0.0008969399623205329,0.010379470171315738,182.7570400149504
25-08-2022,17505.75,-0.005798388942119106,0.010368535942703688,181.5089980789851
26-08-2022,17582.55,0.004377534542393679,0.010354139465773512,182.05217486393605
29-08-2022,17335.8,-0.01413320545181661,0.010370300209647732,179.77745037441116
30-08-2022,17744.2,0.023284974479332945,0.010435148016488819,185.16335343418092
01-09-2022,17563.25,-0.0102500511516967,0.01043586176616617,183.287649164618
02-09-2022,17526.6,-0.002088923909744356,0.010420013136118483,182.6274022314942
05-09-2022,17653.9,0.007236995244605901,0.010410520365160983,183.7862854745155
06-09-2022,17651.6,-0.0001302913145689127,0.010393920064923718,183.4693194180075
07-09-2022,17629.5,-0.0012527955698936964,0.010377773471682124,182.95495741902
08-09-2022,17800.1,0.009630440000905318,0.01037430765727773,184.6637137303093
09-09-2022,17830.45,0.0017035946590909785,0.010358129252964227,184.690105738516
12-09-2022,17931.6,0.005656849634332869,0.010345935794664961,185.5191822956142
13-09-2022,18066.8,0.007511480270848444,0.010337232887574575,186.76071913323233
14-09-2022,18000.3,-0.003687575400114914,0.010323628884034318,185.82841700128293
15-09-2022,17872.3,-0.00713639620396327,0.01031618574700882,184.37396652626572
16-09-2022,17550.1,-0.018192380318641434,0.010352248861760355,181.6830027487804
19-09-2022,17634.15,0.004777715021975853,0.010339068820065786,182.3206904333631
20-09-2022,17792.65,0.008948087750914324,0.010334007480413515,183.86937819637956
21-09-2022,17718.6,-0.004170515390503057,0.01032117749296608,182.87681552686877
22-09-2022,17635.95,-0.004675502902056345,0.010309115805051325,181.81105088209492
23-09-2022,17332.25,-0.017370504421558793,0.010340000310706806,179.21547038524804
26-09-2022,17027.85,-0.01771868905344208,0.010372151607522563,176.61544175015305
27-09-2022,17043.45,0.0009157267900036006,0.010356389048483574,176.50859892837738
28-09-2022,16826.15,-0.012831741833033873,0.010365776049869654,174.41610268151427
29-09-2022,16843.6,0.0010365388256446209,0.010350152242423463,174.33382431048383
30-09-2022,17107.2,0.015528664833124676,0.010368525333422234,177.37643658392085
03-10-2022,16878.1,-0.013482503931570172,0.010380344738696706,175.20049653419684
04-10-2022,17279.6,0.02350969136900094,0.010442648677617196,180.4447920897541
06-10-2022,17316.3,0.0021216394871438897,0.01042747324167539,180.56525489482354
07-10-2022,17316.15,-8.662396105319839e-06,0.010411913368838423,180.29425368181148
10-10-2022,17252.85,-0.003662244829094419,0.01039866622534294,179.40662858590792
11-10-2022,16965.95,-0.016768952911194325,0.010424672286504066,176.86446877921367
12-10-2022,17129.05,0.00956745822721173,0.010421524028079528,178.51080615317562
13-10-2022,17017.8,-0.006515997441803659,0.01041266872292375,177.20071379297178
14-10-2022,17200.35,0.010669877353585195,0.010412612309334919,179.10057613486885
17-10-2022,17320.55,0.006963925376826602,0.010403591377065074,180.19592462602446
18-10-2022,17489.85,0.009727054837994329,0.010400803749599877,181.90849745993938
19-10-2022,17518.85,0.0016567314200851304,0.010385874313684842,181.94857422029767
20-10-2022,17565.25,0.0026450743814329237,0.010371508497945776,182.17813964354204
21-10-2022,17584.8,0.0011123740658060164,0.010356547703779414,182.11782006142022
25-10-2022,17642.65,0.0032843735213789528,0.010342769341201742,182.47385951755294
27-10-2022,17758.5,0.006545008484557845,0.010333176297454099,183.5017112783386
28-10-2022,17795.95,0.0021066287820455084,0.010318734199011317,183.63167786889545
31-10-2022,18015.7,0.012272696633918117,0.010323522592963695,185.98548597805606
01-11-2022,18142.75,0.007027431920402129,0.010314801647883622,187.13886759714057
02-11-2022,18074.05,-0.00379382399331142,0.010302563976016458,186.20905643072024
03-11-2022,18048.05,-0.0014395621788361583,0.010288397015684944,185.68550375893264
04-11-2022,18127.35,0.004384201806765122,0.010275976266176249,186.27621836867002
07-11-2022,18199.85,0.003991504781897484,0.010263193520470174,186.78858259352907
09-11-2022,18122.05,-0.0042839234171172125,0.010251784844793704,185.78335754659372
10-11-2022,18036.8,-0.004715313565297369,0.01024099177640665,184.71472047269145
11-11-2022,18356.5,0.017569619903382974,0.010266765659238251,188.46188382380697
14-11-2022,18318.6,-0.002066798099599374,0.010253283551815389,187.82580007228538
15-11-2022,18421.55,0.005604237840612032,0.010242592767398574,188.6844347942712
16-11-2022,18403.55,-0.0009775941644983798,0.010228639552510342,188.2432794366017
17-11-2022,18333.4,-0.0038190478666408935,0.010216941512821907,187.31127553116917
18-11-2022,18304.55,-0.001574870098510057,0.01020337399511256,186.7681694622376
21-11-2022,18153.95,-0.008261494936180712,0.01019952490555982,185.1616651592877
22-11-2022,18251.5,0.005359100545067643,0.010188783337793102,185.9605790897308
23-11-2022,18253.4,0.00010409561465551939,0.010174831228631546,185.7252643487031
24-11-2022,18510.85,0.014005682608361946,0.0101855880713143,188.54389294988832
25-11-2022,18498.4,-0.0006728047971595018,0.01017187655849987,188.163441329754
28-11-2022,18553.6,0.0029795984475237294,0.010158888124050585,188.48394669838493
29-11-2022,18603.6,0.0026912700730350324,0.01014576773960622,188.74780472053826
30-11-2022,18780.25,0.009450675347411636,0.010142744584505781,190.4832789831647
01-12-2022,18800.85,0.0010962958542032988,0.010129112298229175,190.43592095216198
02-12-2022,18705.2,-0.0051005215085931,0.010119654106015029,189.2901539838323
05-12-2022,18694.05,-0.0005962686594171414,0.01010623630563514,188.92648680935858
06-12-2022,18646.75,-0.002533423242058687,0.010093922664160204,188.21885243792929
07-12-2022,18551.75,-0.005107743943342289,0.010084573891888902,187.08649369884995
08-12-2022,18614.4,0.0033713505079221457,0.01007226641631382,187.48919597983198
09-12-2022,18493.25,-0.006529674094271387,0.010065346174373983,186.14096313924168
12-12-2022,18495.5,0.00012165861256588978,0.010052037976939024,185.91746840247572
13-12-2022,18596.65,0.005453997718365609,0.010042044231577243,186.74838185916096
14-12-2022,18643.0,0.002489283542358924,0.010029357385856686,186.9773097445262
15-12-2022,18395.1,-0.013386415711510084,0.010041254598756287,184.70988246958177
16-12-2022,18270.1,-0.006818480973129162,0.010034952106153726,183.33957847463918
19-12-2022,18428.3,0.008621682687034827,0.010030584930285007,184.8466282707712
20-12-2022,18385.85,-0.0023061794888142293,0.01001849240053589,184.19849850239277
21-12-2022,18205.6,-0.009852107964034101,0.01001915444468321,182.4047181581246
22-12-2022,18113.85,-0.005052400032112994,0.010010012424492237,181.31986355538868
23-12-2022,17824.1,-0.016125364888697303,0.010032172033373855,178.81443754005892
26-12-2022,18010.3,0.0103923423196186,0.010032169752484834,180.68238689317758
27-12-2022,18136.0,0.006955096743547673,0.010024807168442097,181.80990280686586
28-12-2022,18109.25,-0.0014760557511274812,0.010012391747299804,181.316905249789
29-12-2022,18207.1,0.00538877044567975,0.010002771842062427,182.1214672056148
30-12-2022,18117.05,-0.004958144070889438,0.009993659066920207,181.05562099834674
02-01-2023,18208.95,0.005059747622158266,0.00998371433286169,181.79295510136188
03-01-2023,18234.3,0.0013912043568362375,0.009971162063864811,181.81716042113013
04-01-2023,18030.55,-0.011236894343553901,0.009975685640653013,179.86709872807617
05-01-2023,18000.2,-0.0016846725187835542,0.009963615865605204,179.3470783040668
06-01-2023,17865.85,-0.00749179953681136,0.009958849363810142,177.92330890642742
09-01-2023,18089.65,0.01244888210538313,0.00996477042283587,180.2592092794529
10-01-2023,17925.35,-0.009124039417109158,0.009963603454704163,178.60107918678125
11-01-2023,17890.2,-0.001962835209023053,0.00995181246695143,178.0399153962545
12-01-2023,17863.4,-0.0014991500167427288,0.009939822042910156,177.5590170813213
13-01-2023,17950.3,0.004852901015302737,0.00992999467348489,178.2463833874558
16-01-2023,17891.7,-0.0032699097268066627,0.009919304434882153,177.473219157581
17-01-2023,18056.8,0.0091854269756687,0.00991675758987008,179.06490844876606
18-01-2023,18163.8,0.005908257249101077,0.009908326301968326,179.97285728369226
19-01-2023,18084.15,-0.004394738361469142,0.009898945210149125,179.0140100221183
20-01-2023,18027.3,-0.003148588437502093,0.009888309131332974,178.2595152032789
23-01-2023,18105.7,0.004339530237322024,0.00987814489827328,178.85072808466654
24-01-2023,18101.15,-0.0002513336577996399,0.009866109038361933,178.58791961974512
25-01-2023,17910.05,-0.0106134643598782,0.00986894400754741,176.7532806223745
27-01-2023,17609.4,-0.01692915742777273,0.00989358159234241,174.22003569219444
30-01-2023,17666.75,0.0032514914766085044,0.009882635869864704,174.59405725393225
31-01-2023,17682.55,0.0008939357244514209,0.009870706521371135,174.53926159947116
01-02-2023,17605.4,-0.004372604411619255,0.009861454014725858,173.61484251085463
02-02-2023,17611.75,0.00036061975877167446,0.009849566092496116,173.46809562951847
03-02-2023,17830.8,0.012361006142541707,0.009855446563680956,175.73049658768238
06-02-2023,17763.75,-0.0037674351442307193,0.009845657183982807,174.89579280197458
07-02-2023,17720.4,-0.0024433456383426075,0.009834796281373065,174.2765240244433
08-02-2023,17862.5,0.00798702497039427,0.00983019617987805,175.59187926307166
09-02-2023,17897.1,0.001935145292311211,0.009818799508543972,175.7280366843623
10-02-2023,17843.6,-0.002993788032075246,0.009808466345049529,175.01835007452576
13-02-2023,17763.45,-0.004501925060841742,0.00979964609630023,174.07552344932432
14-02-2023,17921.85,0.008877663370015313,0.00979689278823112,175.5784430167599
15-02-2023,18022.0,0.005572594987450243,0.009788635051616257,176.4107809002282
16-02-2023,18015.25,-0.0003746123846264038,0.00977717418760847,176.1382372833135
17-02-2023,17942.6,-0.0040408477623182035,0.009767995053126845,175.2632280402337
20-02-2023,17847.05,-0.005339545204643372,0.009760400987649872,174.19436444663665
21-02-2023,17842.1,-0.00027739523254225,0.009749034448645139,173.9432475361714
22-02-2023,17552.6,-0.01635874614154582,0.009770815800353303,171.50322141728137
23-02-2023,17523.8,-0.0016421301200703826,0.009759886219805627,171.03029413862984
24-02-2023,17465.05,-0.0033582158438077484,0.009750123479526708,170.2863940761079
27-02-2023,17408.85,-0.003223043516813661,0.00974027501995127,169.56698678107864
28-02-2023,17317.2,-0.0052784703585825946,0.009732649529234505,168.54223842765978
01-03-2023,17457.0,0.008040487094747169,0.00972861329264891,169.83240224977203
02-03-2023,17320.15,-0.007870150737772228,0.009725227185054012,168.44239362921326
03-03-2023,17592.3,0.015590742708188096,0.00974176925698813,171.38012729971226
06-03-2023,17719.0,0.00717620386287382,0.009736195714918952,172.5156518726489
08-03-2023,17751.5,0.0018325092172269825,0.009725351872012653,172.6395837560326
09-03-2023,17582.0,-0.009594367964172497,0.009725710446554856,170.99744107132747
10-03-2023,17418.75,-0.009328439180865565,0.009725411906443925,169.4045186453701
13-03-2023,17187.1,-0.01338810981941818,0.009736027246015596,167.33407387999463
14-03-2023,17067.3,-0.00699475036488654,0.009731052141082958,166.08278620750517
15-03-2023,16974.75,-0.005437406268008693,0.009723753162647848,165.05827899765657
16-03-2023,17010.4,0.002097975914546964,0.009713216054468076,165.22569037292376
17-03-2023,17125.15,0.006723221523660962,0.009707213970908924,166.23749533391097
20-03-2023,17003.45,-0.007131878591103964,0.009702546983309732,164.97677250335786
21-03-2023,17107.0,0.006071471827243022,0.009695661507419144,165.8636814074193
22-03-2023,17142.55,0.0020759404294058456,0.009685234805136002,166.02962190878418
23-03-2023,17067.0,-0.004416902462940536,0.009676906138736256,165.15575706981167
24-03-2023,16934.9,-0.007770193114936145,0.009673437895663661,163.81870341927456
27-03-2023,16963.5,0.0016873956756704655,0.009662965557648036,163.91771623716247
28-03-2023,16956.85,-0.00039209501583550323,0.009652309178491362,163.67275889330122
29-03-2023,17117.7,0.009441133912480162,0.009651424455585856,165.210188403382
31-03-2023,17353.1,0.013658148890093343,0.009661386424126676,167.6550047565126
03-04-2023,17399.2,0.002653063367921581,0.009651426320141853,167.92709682941214
05-04-2023,17561.0,0.009256306041703568,0.009650052265696903,169.4645678379033
06-04-2023,17600.1,0.002224049652428806,0.009639923954731589,169.66362559567142
10-04-2023,17610.25,0.0005765350404723775,0.009629405086180123,169.57623091890352
11-04-2023,17718.25,0.006114062948366389,0.009622771068067162,170.498663476781
12-04-2023,17817.9,0.005608388145551369,0.009615508034330315,171.32816060489412
13-04-2023,17827.4,0.0005330296125957403,0.009605079937151291,171.23360207157094
17-04-2023,17702.35,-0.007039200464706058,0.009600727921140268,169.95544591479742
18-04-2023,17661.55,-0.002307438834660695,0.009591104794197157,169.3937768779528
19-04-2023,17612.25,-0.0027952776338684713,0.00958181938605553,168.75739848205652
20-04-2023,17623.9,0.0006612527432481559,0.009571528430669059,168.68765990926843
21-04-2023,17621.05,-0.0001617252971681401,0.00956127348551043,168.47967815185356
24-04-2023,17749.85,0.007282855075514698,0.009556539082106267,169.6271352265239
25-04-2023,17763.7,0.0007799840174902411,0.009546351594607582,169.5785258211307
26-04-2023,17818.1,0.003057745385887336,0.009537029060760044,169.9317375075285
27-04-2023,17920.05,0.0057054031365938685,0.009530149161873409,170.78074948822956
28-04-2023,18049.55,0.0072005559987279285,0.009525326727182988,171.9278610286257
02-05-2023,18134.75,0.004709233421997164,0.009517378025688186,172.59527115134884
03-05-2023,18082.3,-0.00289642787958727,0.009508461323080494,171.9348501823384
04-05-2023,18241.4,0.008760176824082,0.009506326045402382,173.40869592460302
05-05-2023,18067.75,-0.00956515500727609,0.009507145326422314,171.77272497146677
08-05-2023,18271.8,0.011230306625005985,0.009510301117843699,173.77031996501648
09-05-2023,18258.3,-0.0007391165430469288,0.009500454092022026,173.46214094836574
10-05-2023,18311.0,0.0028822009982106137,0.009491225930409424,173.79383801172696
11-05-2023,18304.5,-0.0003550409017098824,0.009481366228873028,173.55166813640633
12-05-2023,18312.2,0.0004205731326688938,0.009471485426279406,173.44373542311374
15-05-2023,18384.6,0.003945853259004117,0.009463062475064583,173.97461837907233
16-05-2023,18273.15,-0.0060805883280710005,0.009457760458080229,172.82307551456876
17-05-2023,18197.95,-0.0041238189454208775,0.009450134599722796,171.97307693902547
18-05-2023,18134.65,-0.003484477524143077,0.00944194914982928,171.2264431499516
19-05-2023,18205.45,0.0038965269539280307,0.009433609865384919,171.74311272377187
22-05-2023,18303.3,0.00536037165327871,0.009426665265509589,172.53908235420167
23-05-2023,18333.75,0.0016622521197159831,0.009417174568342375,172.652124242347
24-05-2023,18286.55,-0.002577806633880145,0.009408442723502034,172.0479582854561
25-05-2023,18335.9,0.0026950698203281613,0.009399425688365945,172.34692947930915
26-05-2023,18491.9,0.00847191160219209,0.00939700996665655,173.76856860241625
29-05-2023,18601.1,0.005887920387945563,0.009390755326745794,174.67837890833118
30-05-2023,18639.95,0.0020864080950005583,0.009381528760560486,174.87122702040944
31-05-2023,18523.15,-0.006285825702342722,0.009376784720423014,173.68758989410355
01-06-2023,18486.1,-0.0020022028210364136,0.0093678865087783,173.17568678992652
02-06-2023,18525.85,0.002147955743100557,0.009358768754537105,173.3791461312412
05-06-2023,18599.9,0.003989150290481653,0.009350754556966155,173.9230996841148
06-06-2023,18617.1,0.0009243088494269119,0.009341377151991752,173.90935257634564
07-06-2023,18730.35,0.0060646896703997,0.009335488840740688,174.85697340816733
08-06-2023,18646.9,-0.004465290445809627,0.009328636638627928,173.95015453683112
09-06-2023,18567.3,-0.00427794344069054,0.00932160701757575,173.07707397743422
12-06-2023,18615.3,0.002581854236329927,0.009312831575810835,173.36115363319144
13-06-2023,18718.65,0.005536529834117712,0.009306418716166153,174.20359470136356
14-06-2023,18749.65,0.0016547325111375398,0.009297340448025132,174.32187933131442
15-06-2023,18682.15,-0.003606563038166948,0.009289796500961903,173.55337170044544
16-06-2023,18823.6,0.007542879193162956,0.009286085004731383,174.79754969506166
19-06-2023,18754.2,-0.0036936743983591825,0.009278663939417479,174.01391925262328
20-06-2023,18833.7,0.004230090989149508,0.009271093533890908,174.6089942892412
21-06-2023,18862.1,0.001506799451046801,0.009262099959008206,174.70265563680866
22-06-2023,18779.35,-0.0043967558798345754,0.009255410977038305,173.8106021316443
23-06-2023,18668.55,-0.0059175720576870785,0.0092505115081622,172.69363661570142
26-06-2023,18692.45,0.001279409183915608,0.009241546009040646,172.74713669669183
27-06-2023,18818.6,0.006726043423554659,0.009236798360433458,173.82361362565305
28-06-2023,18993.0,0.009224747787788505,0.00923605449324174,175.42038299014035
30-06-2023,19183.2,0.009964405767682769,0.009236713351727781,177.18971956886438
03-07-2023,19330.65,0.0076570231444254835,0.009233262298508247,178.48496185065846
04-07-2023,19387.35,0.002928872386612223,0.009224971426018847,178.8477497762265
05-07-2023,19415.85,0.0014689512784934378,0.009216159860857758,178.93957743443508
06-07-2023,19485.4,0.003575724384403088,0.009208297712462038,179.42736424640782
07-07-2023,19325.45,-0.008242587090248409,0.009207283914853292,177.93490493230155
10-07-2023,19368.1,0.002204502676681268,0.00919876048952428,178.1625130371552
11-07-2023,19448.15,0.004124567081289076,0.009191359557520627,178.7549393785948
12-07-2023,19384.95,-0.00325495805377461,0.009183961779794568,178.03063990322872
13-07-2023,19443.2,0.003000402733543839,0.009175870595978276,178.40828717172482
14-07-2023,19590.1,0.007526942049440543,0.009172351236176695,179.68727795182505
17-07-2023,19719.1,0.006563372599119837,0.009167503729391723,180.7749227902483
18-07-2023,19752.95,0.001715138093817973,0.009158951322389393,180.91630752359157
19-07-2023,19847.85,0.004792841642839045,0.009152207993599372,181.6516514257613
20-07-2023,19969.95,0.006132954744531342,0.009146863731132883,182.66241136753712
21-07-2023,19780.9,-0.009511818003945289,0.009148495045485877,180.96546564525158
24-07-2023,19666.45,-0.0058026874372405285,0.00914388904541519,179.82783671720557
25-07-2023,19675.7,0.00047023358766345584,0.00913527501927812,179.74293069681053
26-07-2023,19773.1,0.004938056311977268,0.00912876485318701,180.50398031855204
27-07-2023,19700.2,-0.0036936401507382463,0.009121958235631496,179.70440163358762
28-07-2023,19638.0,-0.003162323229574255,0.009114744007963393,178.9953428283851
31-07-2023,19742.5,0.005307207642500557,0.009108654362175358,179.827608745247
01-08-2023,19737.3,-0.0002634258547444585,0.009100204535978413,179.61346698796672
02-08-2023,19514.45,-0.01135502974806628,0.009105940986283577,177.69743007978155
03-08-2023,19393.95,-0.006194055024700368,0.009101933115044548,176.52243573651822
04-08-2023,19510.05,0.0059685556579617514,0.009096634536288393,177.47579463471337
07-08-2023,19597.95,0.0044952515095797565,0.009089898628459797,178.1433788256237
08-08-2023,19570.8,-0.0013863094608939852,0.009081827010520006,177.73862005748492
09-08-2023,19630.95,0.0030687429619148917,0.009074156125081266,178.13430518366408
10-08-2023,19549.2,-0.004173037552663372,0.009067941351954064,177.2709990776204
11-08-2023,19424.25,-0.006412079408272598,0.009064326019689458,176.06773468795294
14-08-2023,19413.65,-0.0005458585692428034,0.009056097846200711,175.81191395189444
16-08-2023,19446.95,0.0017138185283117502,0.0090479742789688,175.95550340439232
17-08-2023,19346.2,-0.0051942276674872235,0.009042865207387339,174.94507887515695
18-08-2023,19281.5,-0.0033499307753487055,0.009036025073996725,174.22811746426785
21-08-2023,19380.15,0.005103259384800034,0.009030029285502707,175.0033220574353
22-08-2023,19389.5,0.00048233606345530436,0.00902181715242438,174.9285236769325
23-08-2023,19442.3,0.0027194223568895322,0.009014168237257748,175.2561631192363
24-08-2023,19380.4,-0.0031888587065892673,0.009007294052864441,174.56496166213404
25-08-2023,19244.7,-0.0070265479348312855,0.009004669522337142,173.29216355652161
28-08-2023,19302.65,0.003006694035085201,0.008997228597452396,173.6703545866145
29-08-2023,19353.95,0.0026541408253740527,0.008989633534392194,173.9849179429498
30-08-2023,19340.05,-0.0007184576729163408,0.008981668725572038,173.70592223599948
31-08-2023,19279.55,-0.0031331266761658156,0.008974841253995627,173.03090069847138
01-09-2023,19423.35,0.007431001899936757,0.008971749774270097,174.26143597806907
04-09-2023,19534.8,0.0057215398593416875,0.00896654661995927,175.15969491158035
05-09-2023,19577.65,0.0021911190499998463,0.00895885462898791,175.39332032720517
06-09-2023,19617.2,0.0020181229637739016,0.008951124013549994,175.59598999861294
07-09-2023,19723.25,0.005391410463388019,0.00894561979042572,176.4366955315141
08-09-2023,19820.5,0.004918612729546731,0.008939679002797948,177.18890767495674
11-09-2023,20000.0,0.00901551792695496,0.00893905438797324,178.7810877594648
12-09-2023,19985.85,-0.0007077503962356067,0.008931271182236323,178.4990461574978
13-09-2023,20063.35,0.003870244436243701,0.008924539999551744,179.05616960000646
14-09-2023,20101.85,0.0019170830366232352,0.008916879928904777,179.24578279885446
15-09-2023,20167.4,0.0032555887132864896,0.00890980370894629,179.68757531980341
18-09-2023,20123.65,-0.002171699034637076,0.008902650488143364,179.15382249572622
20-09-2023,19911.95,-0.010575686295747332,0.008906796979849977,177.35169612292376
21-09-2023,19748.85,-0.008224792209801731,0.0089063499373737,175.8901689607026
22-09-2023,19683.0,-0.0033399427728724295,0.008899944081536458,175.1775993568821
25-09-2023,19674.85,-0.00041414864462822757,0.008892240949574682,174.95350684673943
26-09-2023,19673.6,-6.353490419172871e-05,0.008884513428141168,174.79036337987807
27-09-2023,19727.65,0.0027435695011525023,0.008877318449493557,175.12863131015158
28-09-2023,19551.45,-0.008971752504223229,0.00887820535387534,173.58178806602604
29-09-2023,19638.2,0.004427196552769568,0.00887209445979787,174.23196542040256
03-10-2023,19522.15,-0.0059269306695031295,0.00886831683443656,173.12861148939572
04-10-2023,19446.15,-0.0039006113358898715,0.008862446499780777,172.34046400171198
05-10-2023,19546.6,0.005152251236933481,0.008857013458896713,173.12449927567047
06-10-2023,19651.45,0.005349768678153694,0.008851774541151247,173.95020480670667
09-10-2023,19497.5,-0.007864874718907074,0.00885078778697408,172.56823487652713
10-10-2023,19691.5,0.009900818329345848,0.008851955118106491,174.30827420819398
11-10-2023,19808.5,0.005924067958074286,0.008847319552116022,175.25212934809022
12-10-2023,19785.15,-0.001179482200150718,0.008839998777326398,174.90070180921938
13-10-2023,19733.75,-0.002601288445985923,0.00883332654784589,174.3146577635538
16-10-2023,19730.95,-0.00014189896310871951,0.008825827872015876,174.14196845135166
17-10-2023,19818.35,0.0044198072925516795,0.008819873127144166,174.79533258933756
18-10-2023,19668.45,-0.007592447100529361,0.008818538140912038,173.4469764976214
19-10-2023,19611.9,-0.002879304235755034,0.00881209151712073,172.82185762462004
20-10-2023,19541.75,-0.003583322375392872,0.00880614762843276,172.08753541792586
23-10-2023,19278.45,-0.013565310721823263,0.00881733271921878,169.98450796082332
25-10-2023,19125.65,-0.00795752569658039,0.008816502675731832,168.62134440011053
26-10-2023,18848.5,-0.014597030932264592,0.008830353710912125,166.4389219201272
27-10-2023,19060.5,0.011184795699664626,0.008834145221257543,168.3832249897794
30-10-2023,19148.85,0.004624530773565259,0.008828473235607035,169.05510971765378
31-10-2023,19086.55,-0.0032587630903866665,0.008822307943554,168.3874216800406
01-11-2023,18990.4,-0.005050310193636589,0.008817679628047624,167.4512632084756
02-11-2023,19144.85,0.008100161634611079,0.008816023109220923,168.78144002256818
03-11-2023,19226.85,0.004273989675952669,0.008810131748040736,169.391081599817
06-11-2023,19411.85,0.00957596470338272,0.00881082520053742,171.0344171690523
07-11-2023,19417.2,0.0002755668775752117,0.008803504970334814,170.93941670998515
08-11-2023,19436.45,0.0009908979761282131,0.00879623893840962,170.96765831445168
09-11-2023,19404.0,-0.001670938804783822,0.008789344798233475,170.54844646492236
10-11-2023,19443.45,0.002031022039341332,0.008782339065871175,170.7589705103129
13-11-2023,19440.15,-0.0001697373704040664,0.008775116901732332,170.5895888372118
15-11-2023,19675.5,0.012033691889265789,0.00878064598245469,172.76360002778728
16-11-2023,19762.55,0.004414525635492498,0.008774941644786951,173.41522300218435
17-11-2023,19719.7,-0.002170596499639149,0.008768347874464965,172.90918958008677
20-11-2023,19694.25,-0.0012914211103967033,0.008761420919301599,172.54961393995552
21-11-2023,19782.0,0.004445718351019221,0.008755787466373798,173.2069876598065
22-11-2023,19810.6,0.001444714667614213,0.008748734636067646,173.31768238128168
23-11-2023,19811.0,2.019100692626623e-05,0.008741608653116129,173.18000902688362
24-11-2023,19788.7,-0.0011262712776748888,0.008734701774027636,172.8483929957007
28-11-2023,19908.45,0.006033197004627186,0.008730559089941874,173.8118991141533
29-11-2023,20097.05,0.009428773405525783,0.008731041162298885,175.4681707907788
30-11-2023,20127.2,0.0014990959755030715,0.00872407220046572,175.59114599321364
01-12-2023,20255.75,0.006366569763314618,0.008720292460340548,176.63606400354305
04-12-2023,20686.8,0.021057111843310862,0.008752556809767772,181.06239221230393
05-12-2023,20860.35,0.008354412248562157,0.008751233972504078,182.55380359832543
06-12-2023,20935.9,0.0036151607994818684,0.00874509391459153,183.08641168649683
07-12-2023,20916.1,-0.0009461914115077412,0.00873824700572107,182.77004819636247
08-12-2023,20972.15,0.0026761697350435785,0.008731676358232587,183.12202633630756
11-12-2023,21000.05,0.0013294515945934512,0.008724743630391435,183.22005247540164
12-12-2023,20900.4,-0.004756521129366909,0.008720271550690578,182.25716351805337
13-12-2023,20937.45,0.0017711239791297982,0.008713458601939193,182.43760380517176
14-12-2023,21195.25,0.012237678447030163,0.008719156720849195,184.8047064875789
15-12-2023,21448.7,0.011886937507036042,0.00872405330922564,187.119602213588
18-12-2023,21410.8,-0.001768569856333419,0.008717587977797966,186.6505326750367
19-12-2023,21446.0,0.0016426801774888488,0.008710784161169438,186.81147712043978
20-12-2023,21106.4,-0.015961835771851934,0.008728497717858861,184.22716423221627
21-12-2023,21283.0,0.008332319954564784,0.008727170344813491,185.74036644866553
22-12-2023,21332.35,0.0023160678985458026,0.008720574502620556,186.03034749097762
26-12-2023,21454.85,0.005726027162534362,0.00871616532140183,187.00401954587804
27-12-2023,21647.6,0.00894386675847312,0.008715725927166941,188.67454858093905
28-12-2023,21782.7,0.006221482963476919,0.008711802696451578,189.7665845959958
29-12-2023,21728.3,-0.0025005184135084785,0.00870578696670073,189.16195094856346
01-01-2024,21685.35,-0.0019786410040395367,0.008699524106570187,188.65222508441178
02-01-2024,21661.5,-0.001100426093556387,0.00869294977933944,188.30233164516127
03-01-2024,21523.7,-0.006381837652305892,0.008690427140427084,187.05014664241043
04-01-2024,21669.6,0.006755703078955508,0.008687149240757844,188.24704918752616
05-01-2024,21705.35,0.0016484172590506,0.00868049605217414,188.41320498605793
08-01-2024,21511.35,-0.008978071121798787,0.008681808771412669,186.7574271149279
09-01-2024,21551.95,0.0018855968785188228,0.008675236749277478,186.96826865859074
10-01-2024,21625.4,0.003402250061687519,0.00866925919528763,187.47619780177314
11-01-2024,21669.4,0.002032577360253698,0.00866275390309989,187.7166794278328
12-01-2024,21908.25,0.010962151095993834,0.008665788343660705,189.85225748000462
15-01-2024,22110.45,0.009187069230838767,0.008665769486104069,191.6040629340297
16-01-2024,22031.5,-0.003577099977896683,0.008660596464058867,190.80593099791292
17-01-2024,21577.25,-0.020833728564307253,0.008694359013206313,187.60035801770593
18-01-2024,21479.15,-0.004556821738498498,0.008689936590783433,186.652451523926
19-01-2024,21638.2,0.007377574058009931,0.008687448177912735,187.98074116331136
20-01-2024,21585.7,-0.002429212811301116,0.008681551284837616,187.39736156911934
23-01-2024,21243.05,-0.016001275358298036,0.008698837165841203,184.78983285582297
24-01-2024,21460.7,0.010193572444797395,0.008700473958022465,186.71826147093273
25-01-2024,21370.75,-0.004200190852211605,0.00869576452732633,185.83500977235917
29-01-2024,21740.05,0.017133016954341385,0.008713357520939852,189.42882817310843
30-01-2024,21528.8,-0.009764607957540914,0.008715923303507643,187.64336961655533
31-01-2024,21709.65,0.00836528851641682,0.008714698839171862,189.19306165382744
01-02-2024,21689.65,-0.0009216739171278852,0.008708270713339135,188.8793438775762
02-02-2024,21855.45,0.007615130117077729,0.008706072456179336,190.27513126240467
05-02-2024,21761.3,-0.0043171555069681745,0.008701515837886925,189.35629660300873
06-02-2024,21938.8,0.00812359587930354,0.008699976710634822,190.86704905927522
07-02-2024,21949.8,0.0005012691327740517,0.008693423074312479,190.81889779654404
08-02-2024,21759.7,-0.008698392734359454,0.008694219242319036,189.18360244708953
09-02-2024,21783.65,0.001100053276341588,0.00868772042111132,189.25026095134163
12-02-2024,21612.45,-0.007890150873604137,0.008687277563575907,187.7533519789061
13-02-2024,21728.0,0.005332213845550412,0.008682790555088962,188.65967318097296
14-02-2024,21848.7,0.005539671827816872,0.008678484818198225,189.61361124736754
15-02-2024,21927.05,0.0035796112533638498,0.008672817915432897,190.1693120725929
16-02-2024,22035.7,0.004942830974290357,0.008668039738775607,191.00632327173764
19-02-2024,22116.95,0.003680417447836759,0.008662446412108435,191.58689417428167
20-02-2024,22209.2,0.004162334567117651,0.008657144383666522,192.26825104572654
21-02-2024,22028.75,-0.00815819905026901,0.008657176133392173,190.70676874846282
22-02-2024,22216.9,0.008504842130670123,0.008656218980983885,192.3143514786209
23-02-2024,22193.65,-0.0010470486010240036,0.0086500252819005,191.97563359765104
26-02-2024,22117.15,-0.003452886249195836,0.008644983268904291,191.20239170584657
27-02-2024,22194.2,0.003477667805411342,0.00863935246342007,191.74351644363773
28-02-2024,21925.45,-0.012182930919288518,0.008646725269142605,189.58334255232273
29-02-2024,22042.05,0.005303930100459389,0.008642323242634297,190.49452103030728
01-03-2024,22327.3,0.012858152308767563,0.00864890968022326,193.10680110324878
02-03-2024,22378.4,0.002286062951901315,0.008642828206131147,193.41266672808527
04-03-2024,22397.65,0.0008598347190512101,0.008636507937973907,193.4374820169613
05-03-2024,22358.5,-0.0017494806852456231,0.008630632394630352,192.9679943953427
06-03-2024,22482.85,0.005546234391148077,0.008626458283796308,193.9473676258498
07-03-2024,22483.5,2.8910507526024218e-05,0.008620190142941943,193.81204507883518
11-03-2024,22319.85,-0.007305289796202663,0.008619098200777546,192.37697897662468
12-03-2024,22332.7,0.000575555051379132,0.008612832273931018,192.34779932401923
13-03-2024,21981.05,-0.015871253576670942,0.008629180442444715,189.67844676439938
14-03-2024,22153.05,0.007794465993513002,0.00862738954101255,191.12299187152806
15-03-2024,21996.55,-0.007089561649400865,0.008625983747986158,189.7418828117649
18-03-2024,22051.5,0.0024950039107526677,0.008620082267455554,190.08574412079614
19-03-2024,21810.35,-0.010995999020670279,0.00862491110162498,188.11232984532637
20-03-2024,21853.6,0.0019810399262833373,0.00861888165431302,188.35359212069503
21-03-2024,22014.8,0.007349286755877174,0.008616605089311266,189.69283772016965
22-03-2024,22080.8,0.002993498185109755,0.008610931811535143,190.13626314414518
26-03-2024,22018.25,-0.002836797706398484,0.00860567989704675,189.48201139314958
27-03-2024,22145.45,0.00576040285263961,0.008601817859704241,190.4911273211873
28-03-2024,22343.1,0.008885490779206553,0.008601498617484783,192.18414376032425
01-04-2024,22469.05,0.005621258147750996,0.008597515248467618,193.17799999358132
02-04-2024,22464.3,-0.00021142425471033774,0.008591425461229754,193.00035898870354
03-04-2024,22445.55,-0.0008350061774612706,0.008585456586730758,192.70529509029456
04-04-2024,22541.2,0.004252369603659934,0.008580501206578254,193.41479379772173
05-04-2024,22525.5,-0.0006967450749726985,0.0085745284750558,193.14554116486943
08-04-2024,22661.0,0.005997384446479542,0.008570921189680973,194.22564507936053
09-04-2024,22642.05,-0.000836588313821167,0.008565003504525798,193.92923759964833
10-04-2024,22735.05,0.004098989587843156,0.008559995333375495,194.61192190405853
12-04-2024,22519.4,-0.009530626594264839,0.008562296045765062,192.81776957300175
15-04-2024,22275.45,-0.010891984759527901,0.008566968409509773,190.83307645761448
16-04-2024,22177.45,-0.004409168300209774,0.008562916079886556,189.9036432158801
18-04-2024,22045.75,-0.005956167321591016,0.008560309475638468,188.71844262255675
19-04-2024,22149.7,0.00470411283014873,0.008555752807166528,189.50735795289646
22-04-2024,22370.5,0.00991917423431846,0.008557023579959567,191.42489599548549
23-04-2024,22363.4,-0.00031743264323552195,0.008551084802647773,191.23132987553322
24-04-2024,22412.2,0.002179759481599782,0.008545331808171979,191.51968555111202
25-04-2024,22559.25,0.00653972794234271,0.008542332284404187,192.70860958694516
26-04-2024,22450.2,-0.004845658561840388,0.008538718889380407,191.695946810368
29-04-2024,22633.15,0.008116122881909058,0.008537484901809961,193.23017640540013
30-04-2024,22589.3,-0.0019393028791204327,0.00853203810555684,192.7327683778551
02-05-2024,22656.75,0.002981477939610924,0.008526605146218603,193.18516114658834
03-05-2024,22456.7,-0.008868810133381448,0.008527851566991559,191.50740428445934
06-05-2024,22458.0,5.788750677905186e-05,0.008521960180668725,191.38618173745823
07-05-2024,22304.5,-0.0068584463199152694,0.008520462263638175,190.0446505593177
08-05-2024,22306.75,0.00010087141704876593,0.008514588597572306,189.93279919889602
09-05-2024,21968.15,-0.015295646131556833,0.008528874695345523,187.36359863855478
10-05-2024,22054.0,0.00390031422056319,0.008523946063427016,187.98710648281943
13-05-2024,22119.4,0.002961060175803739,0.00851857846898578,188.42584458688407
14-05-2024,22223.8,0.004708735179145989,0.00851416499358082,189.21709998434142
15-05-2024,22210.4,-0.0006031390418288573,0.008508419198271748,188.97539376129484
16-05-2024,22392.35,0.008158735023739072,0.008507323573282086,190.4989670161831
17-05-2024,22465.4,0.0032569651654445176,0.008502114661480376,191.00340671602123
18-05-2024,22502.0,0.0016278463100887072,0.008496407222453694,191.186155319653
21-05-2024,22507.55,0.0002466143308753865,0.008490614846998944,191.10293819957107
22-05-2024,22620.5,0.005005766296370855,0.00848645527722039,191.9678615983638
23-05-2024,22951.0,0.01450493376590223,0.008496359484015467,194.999946517639
24-05-2024,22952.0,4.357013703500601e-05,0.008490604214069587,194.87634792132516
27-05-2024,22931.05,-0.0009131913181831625,0.008485007482998606,194.57013084301516
28-05-2024,22865.05,-0.0028823435049475854,0.008480182917273748,193.8998064126101
29-05-2024,22705.8,-0.006989145396900641,0.008478937753433525,192.5210648419109
30-05-2024,22555.85,-0.0066259426514773435,0.008477260592630279,191.21181833827964
31-05-2024,22547.95,-0.0003503030822583857,0.008471596027117483,191.01712363964367
03-06-2024,23305.95,0.033064540053183,0.008549770080768718,199.2605140138917
04-06-2024,21996.45,-0.05782761607703938,0.008807929058965708,193.74317114908627
05-06-2024,22573.0,0.02587342510000065,0.00885109894463599,199.7958564772682
06-06-2024,22849.05,0.012155039182146814,0.008855446786265955,202.3385463917301
07-06-2024,23270.05,0.018257585017603897,0.008873290524885417,206.48191417860988
10-06-2024,23234.45,-0.00153103493012789,0.008867671873478348,206.035478760739
11-06-2024,23261.8,0.0011764390958146356,0.008861773299335353,206.14079813447913
12-06-2024,23305.65,0.0018832902793920344,0.008855992267147107,206.394656180837
13-06-2024,23399.35,0.0040124237537981595,0.008850994580814248,207.10752004457586
14-06-2024,23451.55,0.0022283465888616387,0.008845313512745109,207.43631210981755
18-06-2024,23562.3,0.004711386319615206,0.008840734558751201,208.30803989366342
19-06-2024,23521.4,-0.0017373320400667933,0.00883525496555449,207.81756614679338
20-06-2024,23579.15,0.002452201893140243,0.008829666349671103,208.1960273088474
21-06-2024,23453.15,-0.005358032732367311,0.008826432378766928,207.00764254407758
24-06-2024,23549.15,0.00408491216353335,0.00882153289845374,207.7396014556219
25-06-2024,23721.9,0.007308945709250219,0.008819125557357376,209.20641455907597
26-06-2024,23840.25,0.0049766566173115815,0.008814767314246153,210.14625646345684
27-06-2024,24036.1,0.008181538169708059,0.008813294487710104,211.83722763604882
28-06-2024,24009.8,-0.001094786553143484,0.008807701397329762,211.47114900960813
01-07-2024,24123.15,0.004709880010951329,0.008803190765480069,212.36069131429053
02-07-2024,24117.8,-0.00022180326141730446,0.008797459719168428,212.1753740149603
03-07-2024,24290.8,0.007147520750626364,0.008794909442012739,213.63538627404304
04-07-2024,24304.65,0.0005700122285113544,0.008789151737168854,213.617256768781
05-07-2024,24316.75,0.0004977232350279081,0.008783405842248479,213.58388401449568
08-07-2024,24331.05,0.0005878991613956121,0.008777670678940771,213.56994417284184
09-07-2024,24417.25,0.0035365372676635747,0.008772594650340193,214.20263672601908
10-07-2024,24314.15,-0.004231364328911897,0.008768602225286706,213.20110979595478
11-07-2024,24338.5,0.0010009733090846622,0.00876291223644108,213.27613946662123
12-07-2024,24512.4,0.007119653254051499,0.008760386709659075,214.73810318184712
15-07-2024,24588.35,0.003093641566535069,0.00875516795875707,215.27513407870438
16-07-2024,24601.1,0.0005184038563366912,0.008749496072960503,215.24722784050863
18-07-2024,24779.35,0.00721948763988073,0.00874707965390025,216.74694822187314
19-07-2024,24525.85,-0.010282981663089375,0.008750164590644453,214.60522422545725
22-07-2024,24515.9,-0.0004057767162273886,0.008744589997112839,214.38149391021867
23-07-2024,24474.95,-0.001671741132761591,0.008739328742514273,213.89463400659972
24-07-2024,24441.9,-0.001351272824351419,0.008733978178745319,213.47502124707523
25-07-2024,24416.6,-0.001035643839303843,0.008728555099639787,213.1216384458648
26-07-2024,24851.75,0.017664943748385918,0.008744381694377383,217.31318777324313
29-07-2024,24840.95,-0.0004346714978274742,0.008738852845674,217.08140659674555
30-07-2024,24840.9,-2.0128074941055178e-06,0.008733282753117947,216.9426035419276
31-07-2024,24979.3,0.005555993593884654,0.008729495956996514,218.056698358603
01-08-2024,25006.0,0.0010683141859460339,0.008723935576747574,218.15073303214982
02-08-2024,24699.45,-0.012334819893272021,0.008730592540094936,215.64083391444788
05-08-2024,24051.8,-0.026571138353599727,0.008778642757103189,211.14215986529447
06-08-2024,24033.05,-0.0007798714543275417,0.008773185272778875,210.84640031995835
07-08-2024,24316.05,0.011706659772006493,0.00877661085052836,213.41250827199013
08-08-2024,24098.7,-0.008978729010636486,0.00877761926457217,211.52921337114537
09-08-2024,24363.75,0.010938474747734787,0.008779832914923725,213.9096541809729
12-08-2024,24348.8,-0.0006138048806468758,0.008774374679504714,213.6454941963244
13-08-2024,24135.25,-0.008809139540595269,0.00877515096143058,211.7904622418674
14-08-2024,24143.7,0.0003500490415091318,0.008769612313232667,211.73088880699555
16-08-2024,24539.2,0.01624836241339791,0.008781763794738353,215.4974581118434
19-08-2024,24579.0,0.0016205809134089335,0.008776310650036938,215.7129394672579
20-08-2024,24672.85,0.003811028970050919,0.008771539569701853,216.41888007231836
21-08-2024,24781.9,0.004410099201492546,0.008767078867598815,217.2648717889471
22-08-2024,24811.35,0.0011876617669420166,0.008761603239329202,217.3872045321306
23-08-2024,24831.85,0.0008258936235076129,0.00875611598274266,217.4305586660683
26-08-2024,25009.35,0.007122651557853455,0.008753687903002749,218.92404455696177
27-08-2024,24997.05,-0.0004919370419806293,0.008748299005941939,218.68166766648093
28-08-2024,25044.85,0.0019103996665865834,0.008742960599592644,218.9661367727078
29-08-2024,25156.75,0.0044580326254742625,0.00873857294787479,219.83409500644913
30-08-2024,25247.0,0.00358108658377624,0.00873376400148109,220.50133974539307
02-09-2024,25273.9,0.0010649059118941942,0.008728346178383018,220.59934847783458
03-09-2024,25265.9,-0.00031658218144183236,0.008722983117770452,220.39401915527645
04-09-2024,25206.35,-0.0023597136102485486,0.008718192922705535,219.75382217723865
05-09-2024,25144.8,-0.0024448311769660848,0.008713446693464882,219.09787441783578
06-09-2024,24868.5,-0.011049173359235212,0.008717667654186148,216.79531805812823
09-09-2024,24942.25,0.0029612103367794677,0.008712680250004788,217.31384896568193
10-09-2024,25052.1,0.0043945036501971515,0.008708329719061714,218.16194695490594
11-09-2024,24951.8,-0.00401169246863844,0.00870445488018122,217.19181727930575
12-09-2024,25314.95,0.014449166422522093,0.008712680472056962,220.5610705160984
13-09-2024,25343.55,0.0011291294862102686,0.00870734039499463,220.67491666756615
16-09-2024,25377.6,0.0013426353745952637,0.008702029317618253,220.83661921078897
17-09-2024,25407.15,0.001163735307741773,0.008696711461067293,220.9586525980559
18-09-2024,25343.45,-0.002510316467252049,0.00869206210001909,220.28684122872883
19-09-2024,25448.65,0.004142382395297731,0.00868762583208523,221.0883491316958
20-09-2024,25820.35,0.014500244307101054,0.008695888505018134,224.53088476054495
23-09-2024,25930.15,0.004243443629039384,0.008691500480969101,225.37191119660093
24-09-2024,25951.9,0.000838440318921748,0.008686202457337979,225.4234575525895
25-09-2024,26013.5,0.0023708093790526298,0.008681125094696996,225.82644765090032
26-09-2024,26183.9,0.00652908402834214,0.008678284243194207,227.2313267953728
27-09-2024,26175.0,-0.0003399613088020823,0.008673076311157046,227.0177724445357
30-09-2024,25822.8,-0.013546934150238872,0.008681854126386921,224.18978273486417
01-10-2024,25812.55,-0.00039701484098136425,0.008676661980765226,223.96677121160144
03-10-2024,25266.0,-0.021401189357534576,0.00870512845624554,219.94377557549984
04-10-2024,25048.0,-0.00866563438374116,0.008705801835121919,218.0629243661338
07-10-2024,24819.0,-0.009184495147949038,0.00870714207654323,216.1025591977264
08-10-2024,25039.5,0.008845089105259748,0.008706636940767168,218.0098356783395
09-10-2024,25019.55,-0.0007970587159041828,0.008701520053063865,217.70811604363402
10-10-2024,25008.9,-0.00042575775027510823,0.008696351510613553,217.4861852937833
11-10-2024,24975.05,-0.001354434980620973,0.008691379382081985,217.06763463646666
14-10-2024,25142.3,0.00667436011179789,0.008688734868836761,218.4547786927545
15-10-2024,25065.15,-0.003073251508398188,0.008684441718121268,217.67683433096732
16-10-2024,24959.9,-0.0042078980550700395,0.008680812893817186,216.6722217483876
17-10-2024,24750.2,-0.008436967292814245,0.008681196670982098,214.86135384614113
18-10-2024,24862.65,0.004533107554264201,0.008677098247565976,215.7356567448462
21-10-2024,24739.45,-0.004967541831696911,0.00867401762233533,214.59042526688378
22-10-2024,24481.75,-0.010471193495536631,0.008677185866595941,212.43269508953517
23-10-2024,24436.0,-0.001870487229640752,0.008672417225520491,211.91918732281871
24-10-2024,24414.6,-0.0008761407789844696,0.008667396257037979,211.6110126570794
25-10-2024,24211.8,-0.008341196379972564,0.008667639717606814,209.85915931475265
28-10-2024,24365.3,0.006319871334794528,0.008664794605382144,211.12031999851754
29-10-2024,24454.0,0.003633812758640313,0.008660317972249337,211.7794156933853
30-10-2024,24349.25,-0.004292753489109783,0.008656782794703258,210.7861684639283
31-10-2024,24238.5,-0.004558770134613348,0.008653430591541804,209.74617739308601
04-11-2024,23990.95,-0.010265602197460796,0.008656251743829899,207.67170277363593
05-11-2024,24199.05,0.008636700292934393,0.008655641416013712,209.4582994081866
06-11-2024,24493.9,0.012110730764531473,0.008659674171603104,212.1091931918293
07-11-2024,24190.6,-0.01245997900608272,0.008666031682406894,209.6365060164322
08-11-2024,24110.35,-0.003322919066476499,0.008661937873704423,208.84235381326943
11-11-2024,24122.1,0.0004872238599716037,0.008656853129737173,208.82147688083305
12-11-2024,23842.4,-0.0116629244746031,0.00866180413518181,206.51819891265882
13-11-2024,23603.95,-0.010051437363447073,0.008664247347584945,204.51046118002768
14-11-2024,23559.6,-0.0018806901970757908,0.008659557033760942,204.01569989259428
18-11-2024,23462.7,-0.004121454593460584,0.008655926963464693,203.09141756568306
19-11-2024,23468.7,0.00025569235235632594,0.008650878696316238,203.0248768602369
21-11-2024,23346.7,-0.0052119719653718425,0.008648015375804239,201.90262057428882
22-11-2024,23873.5,0.022313410663859834,0.00867501235652376,207.10290749346998
25-11-2024,24250.8,0.015680549362115718,0.008685395578606,210.6277910976584
26-11-2024,24192.95,-0.002388338124063261,0.008680913388373873,210.0169035592597
27-11-2024,24277.35,0.0034825485008864914,0.008676466199602155,210.64160669091137
28-11-2024,23957.45,-0.013264476702400862,0.008684099351872181,208.0488760175102
29-11-2024,24123.65,0.006913346905600567,0.00868181249157454,209.43700591237217
02-12-2024,24275.25,0.006264625675443054,0.008678998981516294,210.6848700260534
03-12-2024,24445.85,0.007003154577548594,0.008676786929822775,212.11143176840807
04-12-2024,24461.55,0.0006420296535615973,0.008671782558522339,212.12524264442212
05-12-2024,24701.55,0.009763497684837294,0.008672455992384542,214.22310531868638
06-12-2024,24669.0,-0.0013186000446111404,0.008667691471261821,213.82328090455786
09-12-2024,24626.6,-0.0017202350901853551,0.008663043796095098,213.34131434891555
10-12-2024,24620.5,-0.00024773032447378144,0.008658108994582605,213.16697250112102
11-12-2024,24629.5,0.0003654822375708529,0.008653144750034097,213.1226286209648
12-12-2024,24539.5,-0.0036608473027110754,0.008649346407358344,212.25063616337007
13-12-2024,24781.3,0.00980527231049388,0.008650093747045753,214.36056817366492
16-12-2024,24648.25,-0.005383432433858088,0.008647458614241689,213.1447217884827
17-12-2024,24320.3,-0.013394511505504553,0.008655291989659477,210.49929777611536
18-12-2024,24214.7,-0.004351505784825325,0.008651910699840852,209.5034220234363
19-12-2024,23961.6,-0.010507337782402997,0.008654953085197143,207.38652384625985
20-12-2024,23629.9,-0.013939689699700481,0.008663695062078413,204.7222479474067
23-12-2024,23747.2,0.004951769512406124,0.008660085263030318,205.65277675823356
24-12-2024,23729.15,-0.0007603786251332564,0.008655269555791082,205.38218957979996
26-12-2024,23760.3,0.0013118705088157143,0.00865040711091654,205.53626807751027
27-12-2024,23832.45,0.003031976730581849,0.008645933968327982,206.05378900347822
30-12-2024,23640.8,-0.008074064495089696,0.00864582677173864,204.39426154531884
31-12-2024,23668.8,0.001183692242982207,0.00864097384587163,204.5214817631664
01-01-2025,23756.85,0.003713184792091429,0.008636781514973942,205.18272293400867
02-01-2025,24167.95,0.01715646528293125,0.008650041685843065,209.05377496137092
03-01-2025,23990.15,-0.007384045793549129,0.00864920754728046,207.49578644039033
06-01-2025,23629.6,-0.015143166016128726,0.008660202536373823,204.63712185349885
07-01-2025,23694.6,0.0027470106573182444,0.00865567245712682,205.09269660263715
08-01-2025,23675.2,-0.00081908731236472,0.008650921675684075,204.81230085615562
09-01-2025,23554.55,-0.005109079020772575,0.008648086372453857,203.701782864283
10-01-2025,23437.35,-0.004988104035210684,0.008645165711581002,202.619774590323
13-01-2025,23088.7,-0.014987583357920494,0.00865573918747156,199.84976537777462
14-01-2025,23206.85,0.005104173360476469,0.008652305365566418,200.79275277289503
15-01-2025,23228.1,0.0009152589367890489,0.008647489959938382,200.86476153844472
16-01-2025,23350.65,0.0052620683370633355,0.008644162655173804,201.8468167040342
17-01-2025,23203.1,-0.006338930551087474,0.008642315918341963,200.52852048488037
20-01-2025,23337.05,0.00575633597544242,0.008639323164687008,201.61631666045892
21-01-2025,23053.05,-0.012244144680697138,0.008644871739194128,199.2906604472292
22-01-2025,23161.75,0.004704129432574847,0.008641242012492596,200.1462871828504
23-01-2025,23216.3,0.002352407018225916,0.008636685076298016,200.51187173685764
24-01-2025,23090.35,-0.0054398368524050025,0.008634118233579484,199.364811954732
27-01-2025,22816.85,-0.01191548323245472,0.008639102994892723,197.117117169018
28-01-2025,22978.6,0.007064049927259566,0.008637147917324325,198.46956713302873
29-01-2025,23176.2,0.008562542023243545,0.008636603113021448,200.16364106800768
30-01-2025,23297.95,0.005239483821661056,0.008633311057900465,201.13844936141214
31-01-2025,23533.85,0.010074436395986921,0.008634466398352943,203.2022370488784
03-02-2025,23359.7,-0.007427494852499561,0.008633670088164448,201.67994315849506
04-02-2025,23708.65,0.014827645043633387,0.008642071285304469,204.89184337833382
05-02-2025,23686.75,-0.0009241403831855947,0.008637448661803847,204.59308708998228
06-02-2025,23628.05,-0.00248125449610477,0.008633260673943564,203.98711486697223
07-02-2025,23563.15,-0.0027505145415170898,0.00862918353090516,203.33074591624793
10-02-2025,23376.05,-0.007972057082650235,0.008628958114180608,201.7109563249916
11-02-2025,23068.55,-0.013241775930592916,0.008636088120472655,199.22203061152945
12-02-2025,23057.8,-0.0004661110274118177,0.008631423429528396,199.02163515337986
13-02-2025,23019.4,-0.0016667683318417825,0.008626992866277218,198.5881995859818
14-02-2025,22897.25,-0.005320522649249114,0.008624376106922623,197.47449581423402
17-02-2025,22963.5,0.0028891828452206033,0.008620067120678645,197.94691132570406
18-02-2025,22923.15,-0.0017586818998590074,0.008615680734172014,197.4985418215352
19-02-2025,22913.8,-0.00040796781328966214,0.00861104526898101,197.31176908437706
20-02-2025,22906.25,-0.0003295500580347835,0.008606409501072174,197.1405676339345
21-02-2025,22764.35,-0.006214083310492528,0.008604512722767844,195.87613920054014
24-02-2025,22548.85,-0.009511648910881446,0.008606041657451676,194.05634242762923
25-02-2025,22526.3,-0.0010005513850198555,0.008601511661055362,193.7602321304314
27-02-2025,22510.85,-0.0006861002797055742,0.008596939796173864,193.5244222107004
28-02-2025,22127.4,-0.017180755613502657,0.00861165587210525,190.55355414442172
03-03-2025,22142.5,0.0006821791142779821,0.008607020483563377,190.58095105730206
04-03-2025,22079.45,-0.002851527023241078,0.008603039022293249,189.95036994077267
05-03-2025,22346.65,0.012029110003690769,0.008606890857592576,192.33517758282116
06-03-2025,22527.75,0.008071460930869101,0.008605948219962155,193.87265001225242
07-03-2025,22536.95,0.00040830184724685505,0.008601330064941565,193.84774560708482
10-03-2025,22441.1,-0.00426208539924994,0.008598070509549399,192.950160111849
11-03-2025,22520.5,0.003531906450779762,0.008594080242393099,193.54298409881378
12-03-2025,22468.5,-0.0023116772169503204,0.00858993871870217,193.00303810115972
13-03-2025,22382.9,-0.0038170538236008836,0.008586449764461442,192.18964643296403
17-03-2025,22515.25,0.005895582929382503,0.008583751101636942,193.26530199113117
18-03-2025,22848.75,0.014703553848148776,0.008591875527786121,196.31361596550312
19-03-2025,22911.8,0.0027556504411806407,0.008587640583976604,196.75830353195514
20-03-2025,23165.7,0.011020674723494911,0.008590037414587364,198.99422973510653
21-03-2025,23355.65,0.008166188452943401,0.008589178708440004,200.6058517017768
24-03-2025,23674.6,0.013563818603771153,0.008595265521997773,203.48947312708844
25-03-2025,23605.95,-0.0029039445709990136,0.008591398059663021,202.8081130265023
26-03-2025,23464.3,-0.006018681761840416,0.008589416850792985,201.54465381206185
27-03-2025,23601.05,0.005811085430042116,0.008586650963167594,202.65397871426654
28-03-2025,23495.15,-0.004497185695777218,0.008583610593780003,201.67321844245023
01-04-2025,23179.7,-0.013517121235181959,0.008591035377019591,199.13762272870102
02-04-2025,23330.8,0.006497480422063347,0.008588769416629971,200.38286150551053
03-04-2025,23241.6,-0.003830599628661743,0.008585353885312412,199.53736086087696
04-04-2025,22914.05,-0.014193516888562857,0.008593911764504162,196.9213238674366
07-04-2025,22238.0,-0.029947722260091642,0.008645546432093252,192.25966155688974
08-04-2025,22547.2,0.01380835244366937,0.008651955471434792,195.07737040553454
09-04-2025,22421.2,-0.005603949873444355,0.00864959102807651,193.93421035870904
11-04-2025,22845.25,0.01873627841771005,0.008665434282589599,197.96401254433005
15-04-2025,23344.1,0.021601057258259174,0.008687993829640035,202.81339675849995
16-04-2025,23433.3,0.00381381214513929,0.008684140266154492,203.49806409887807
17-04-2025,23837.75,0.01711237087613061,0.00869632651313602,207.30085733850817
21-04-2025,24120.6,0.01179578862296036,0.00869951231844259,209.83745682822632
22-04-2025,24134.05,0.0005574592437542811,0.008694976027680303,209.8449862008378
23-04-2025,24287.9,0.006354577529955361,0.008692528725747575,211.12326843808452
24-04-2025,24245.05,-0.0017658111091197856,0.008688301955289501,210.6483153210917
25-04-2025,23991.05,-0.010531628705504593,0.008691006011532238,208.50635977297048
28-04-2025,24312.9,0.013326229554917449,0.008696388353709398,211.43442040490123
29-04-2025,24325.45,0.0005160537015963428,0.008691876781548886,211.43381405572836
30-04-2025,24246.25,-0.003261161136716398,0.00868819801364982,210.65622108845696
02-05-2025,24313.65,0.002775954780862734,0.00868401966904909,211.14021482637543
05-05-2025,24459.5,0.005980767481664497,0.00868134146062859,212.34127145624498
06-05-2025,24334.85,-0.005109209207843864,0.008678704697043344,211.1949769968452
07-05-2025,24409.3,0.003054727916819534,0.00867462521893624,211.74152935658037
08-05-2025,24153.2,-0.010547330725337622,0.008677350006023564,209.58577016548836
09-05-2025,24038.65,-0.004753924812342918,0.008674487928887786,208.5229792517584
12-05-2025,24920.25,0.036017774287473,0.008744697778664092,217.92005481875384
13-05-2025,24592.25,-0.013249373319480087,0.008751272289221967,215.2134759546189
14-05-2025,24685.75,0.0037948014206748335,0.008747427111353701,215.93679881409963
15-05-2025,25035.3,0.01406067486074218,0.008753752255659532,219.15281384611308
16-05-2025,25013.1,-0.0008871413054557623,0.008749376969395857,218.84904107319548
19-05-2025,24935.35,-0.0031132122336793217,0.008745655069769803,218.07597014398442
20-05-2025,24713.85,-0.00892266016521108,0.008746348321771973,216.15594047202427
21-05-2025,24800.4,0.0034959668438723996,0.008742413950043154,216.81536292665027
22-05-2025,24637.0,-0.006610404067085655,0.008740880142845972,215.34906407929623
23-05-2025,24845.15,0.008413184462099987,0.008740102485577638,217.14915726954928
26-05-2025,24996.35,0.006067251741025466,0.00873747145470832,218.4048945968983
27-05-2025,24837.7,-0.006367154023436471,0.008735754668268638,216.97605372405596
28-05-2025,24755.6,-0.0033109341382924155,0.008732147669342853,216.1695548431839
29-05-2025,24880.85,0.005046705227106882,0.008728930580126248,217.18321242453416
30-05-2025,24736.65,-0.005812481724479302,0.008726798361129462,215.8717566798331
02-06-2025,24690.7,-0.001859295035535839,0.008722690863920973,215.36934331381357
03-06-2025,24538.4,-0.006187417031353349,0.008720842516159929,213.9955219985388
04-06-2025,24614.2,0.0030842746910178086,0.008716831564810791,214.55783550256578
05-06-2025,24761.4,0.005962476854705767,0.008714179630139702,215.77528749374122
06-06-2025,25000.3,0.009601835767304933,0.008714608389175923,217.8678241119148
09-06-2025,25102.15,0.0040656750436717575,0.008710959202366917,218.66380454169473
10-06-2025,25091.5,-0.00042435647376995456,0.008706619254379327,218.46213702125888
11-06-2025,25125.75,0.0013640733138807252,0.008702283704581534,218.65140479038948
12-06-2025,24856.0,-0.010794044589237526,0.008705243509029218,216.37753266043023
13-06-2025,24735.55,-0.0048576919598808475,0.008702507876538736,215.2613187055177
16-06-2025,24940.95,0.008269550814971915,0.008701650880084337,217.02743951763946
17-06-2025,24841.5,-0.00399538923031908,0.00869843864955833,216.08226371300324
18-06-2025,24798.75,-0.00172239304067351,0.008694359783005354,215.60925466880403
19-06-2025,24744.7,-0.0021819240058332696,0.008690414319121048,215.0416952023546
20-06-2025,25079.75,0.013449422943953246,0.008695755987215342,218.08738622036398
23-06-2025,24958.2,-0.00485832209679249,0.00869304739135266,216.96281540285796
24-06-2025,25071.55,0.004531311627549528,0.008689657983925285,217.86319462688198
25-06-2025,25238.35,0.006630925967697788,0.008687500288751973,219.25817291262334
26-06-2025,25530.4,0.011505235860988434,0.00869013142827617,221.86253141646193
27-06-2025,25632.45,0.003989227939208048,0.008686510558982828,222.6565475775994
30-06-2025,25507.45,-0.004888560553996099,0.008683852059604109,221.50292221774882
01-07-2025,25533.0,0.001001166805313742,0.008679558466879839,221.61516633484294
02-07-2025,25442.85,-0.00353697266382714,0.008676181709084501,220.74678979698058
03-07-2025,25396.7,-0.0018155161749561376,0.008672187614692161,220.24494719405243
04-07-2025,25467.8,0.0027956648078035864,0.008668202276098961,220.76004192723312
07-07-2025,25454.95,-0.0005046860302221972,0.008663974434586033,220.54103603366576
08-07-2025,25523.1,0.0026737013517987886,0.008659969721734627,221.02927320480504
09-07-2025,25464.65,-0.002292708566414099,0.0086561382906137,220.42553192207617
10-07-2025,25348.25,-0.004581521763420094,0.008653332860317418,219.346844676541
11-07-2025,25140.55,-0.008227613714825728,0.008653381780636448,217.55077732517964
14-07-2025,25087.1,-0.002128310608840561,0.008649510036840901,216.99112324523136
15-07-2025,25219.65,0.005269682765742334,0.008646568957575188,218.0634428109111
16-07-2025,25198.55,-0.0008369993864054221,0.008642422603349718,217.77651809163802
17-07-2025,25109.5,-0.003540192593631211,0.008639097587708788,216.9234208785738
18-07-2025,24965.55,-0.005749386032658066,0.00863705570765951,215.62884612235888
21-07-2025,25093.3,0.0051040036809845805,0.008634049073221399,216.65678360906654
22-07-2025,25064.9,-0.0011324171535237021,0.008629972707135957,216.30940290709205
23-07-2025,25209.2,0.0057405461766624885,0.008627331701044426,217.48813031796914
24-07-2025,25051.9,-0.0062593342992707905,0.008625681017212858,216.08969827511478
25-07-2025,24829.15,-0.008931306806733616,0.008626459104929459,214.18764708515928
28-07-2025,24673.95,-0.006270334928553144,0.008624808753584097,212.80809994549634
29-07-2025,24830.4,0.006320677712580226,0.008622556708717297,214.10153210013397
30-07-2025,24844.55,0.0005697036587941799,0.008618366676728247,214.11944181830876
31-07-2025,24766.6,-0.003142441332077076,0.008614909965164043,213.36202914323178
01-08-2025,24572.15,-0.007882283469694462,0.008614636606851082,211.68014289903581
04-08-2025,24726.9,0.006278032062362189,0.008612376229722536,212.95736579472617
05-08-2025,24648.85,-0.003161473598217179,0.00860893827590852,212.2004282221277
06-08-2025,24569.6,-0.0032203398721043293,0.008605528214265907,211.4343860132276
07-08-2025,24626.65,0.0023192835052681265,0.008601567982984521,211.82780416816576
08-08-2025,24350.85,-0.011262433372676213,0.008605095656755069,209.54139357329416
11-08-2025,24560.45,0.00857066906977864,0.008604655258836205,211.33420525188367
12-08-2025,24485.2,-0.003068572199451126,0.008601197805254665,210.60204850122153
13-08-2025,24630.4,0.005912598970655111,0.008598735007557055,211.7902827301333
14-08-2025,24614.7,-0.0006376269124005258,0.008594665008827116,211.5551007927768
18-08-2025,24884.05,0.010883210528553743,0.008596625830922985,213.9188670079791
19-08-2025,24993.65,0.004394756630722774,0.00859336797241392,214.77963142372317
20-08-2025,25047.15,0.0021382559984698467,0.008589405679278359,215.14013245973695
21-08-2025,25076.95,0.0011890489210190842,0.008585321002362983,215.2936655102064
22-08-2025,24869.45,-0.008308954951442854,0.00858549056199563,213.51642825702223
25-08-2025,24978.55,0.0043773140027385474,0.008582244969679936,214.37203508739876
26-08-2025,24710.7,-0.010781108364353064,0.008585159822786917,212.14530883294069
28-08-2025,24533.1,-0.007213122059242253,0.008584316125559413,210.59988593996164
29-08-2025,24433.5,-0.004068084668294619,0.008581347956592201,209.67236529739554
01-09-2025,24624.3,0.00777861877454352,0.008580256124928787,211.28280089708394
02-09-2025,24575.0,-0.002004094224945544,0.008576503174063421,210.76756550260856
03-09-2025,24713.9,0.0056361723510296785,0.0085739249801843,211.89512456777678
04-09-2025,24739.8,0.0010474444730319836,0.008569873340356728,212.01695246575736
05-09-2025,24743.95,0.00016773183154993114,0.008565811048871488,211.95200030272366
08-09-2025,24791.2,0.0019077368022655547,0.008561869762949365,212.2590256672303
09-09-2025,24878.8,0.003527283705440371,0.008558341597817773,212.92126894378882
10-09-2025,24977.55,0.003961386228106474,0.008554975985898605,213.6823404365817
11-09-2025,25008.1,0.0012223509668809237,0.008550965263785083,213.84339441326372
12-09-2025,25104.55,0.0038493322182916977,0.008547565741267573,214.58279152993885
15-09-2025,25072.1,-0.0012934304910339539,0.00854370068073146,214.20851783736722
16-09-2025,25254.45,0.007246703698312518,0.00854222076366052,215.7290871648264
17-09-2025,25330.05,0.00298906013847001,0.008538551720811381,216.2819420157383
18-09-2025,25420.75,0.003574331697789705,0.008535069347519506,216.96786411595647
19-09-2025,25352.5,-0.0026884251493508433,0.008531603270471606,216.2974719146314
22-09-2025,25200.2,-0.006025413510194106,0.008529908353759764,214.9553964964168
23-09-2025,25184.9,-0.0006073224215202402,0.008525968146793595,214.725655180182
24-09-2025,25060.9,-0.0049357459423994944,0.008523565599959518,213.6082251440255
25-09-2025,24904.55,-0.006258344928805506,0.008522041204884938,212.23760128911718
26-09-2025,24673.1,-0.009336936359451212,0.008523295749336314,210.29612835294978
29-09-2025,24677.55,0.00018034210337911563,0.008519315389003808,210.23583147791092
30-09-2025,24633.6,-0.0017825587777876243,0.008515605300379094,209.77001472741844
01-10-2025,24853.4,0.00888319944182666,0.008515545656565024,211.64026242087317
03-10-2025,24895.0,0.001672415985084098,0.008511660283717935,211.897782763158
06-10-2025,25072.55,0.007106642100863167,0.00851012846399649,213.37062141997518
07-10-2025,25115.75,0.0017215171930127066,0.008506258630658861,213.64106520297028
08-10-2025,25023.8,-0.0036677673844258034,0.008503228209939342,212.7830820798801
09-10-2025,25170.3,0.0058373560237306,0.008500868999345488,213.96942297422575
10-10-2025,25278.2,0.004277636184663921,0.008497726062580214,214.8072189551152
13-10-2025,25237.15,-0.0016252489208093794,0.008494021880213296,214.36490429422497
14-10-2025,25123.35,-0.0045194227102091,0.008491432240091148,213.33322416909394
15-10-2025,25327.75,0.00810294000991821,0.008490698158178801,215.05028027581312
16-10-2025,25566.3,0.009374445420756203,0.008491105685710794,217.08615529258788
17-10-2025,25704.7,0.005398776546564823,0.008488511288424552,218.1946361155666
20-10-2025,25847.6,0.005543898759132635,0.008485997393081585,219.34266621741557
21-10-2025,25868.6,0.0008121246786966872,0.008482092357371495,219.41985435590024
23-10-2025,25870.3,6.571457841632638e-05,0.008478195011325445,219.33344840149266
24-10-2025,25797.45,-0.002819942740906093,0.008474880175224509,218.63029757634553
27-10-2025,25974.0,0.006820387854347858,0.008473174234261025,220.08222756069588
28-10-2025,25965.4,-0.00033115515691714564,0.008469317741807739,219.90922289313468
29-10-2025,26068.3,0.003955134235675435,0.008466089725837324,220.6965668000451
30-10-2025,25891.2,-0.0068168741352733495,0.008465083239676863,219.17116317512162
31-10-2025,25732.55,-0.006146415146589355,0.008463569724988225,217.78923112674573
03-11-2025,25774.3,0.0016211439505084788,0.00845977002051271,218.04465043970072
04-11-2025,25586.25,-0.0073227736196966025,0.00845917345476451,216.43852680696844
06-11-2025,25519.95,-0.0025945985885851247,0.008455811209518096,215.79187927634135
07-11-2025,25510.8,-0.00035860731414128703,0.008451988073537735,215.61697734640646
10-11-2025,25574.25,0.00248409398161271,0.008448357900281875,216.06041703128375
11-11-2025,25705.55,0.005120935999515727,0.008445684317029018,217.10096049560525
12-11-2025,25874.0,0.006531681601702131,0.00844382832078796,218.47561397206766
13-11-2025,25884.1,0.0003902770823580096,0.008439989618057111,218.46153527275206
14-11-2025,25916.8,0.0012625264944655266,0.00843619037884061,218.6390588103363
17-11-2025,26014.3,0.003754979754383735,0.008432944662607416,219.3771523364681
18-11-2025,25894.7,-0.00460807226628961,0.008430503892550525,218.3053691464281
19-11-2025,26052.7,0.006083095100799704,0.008428382157487957,219.5821118343865
20-11-2025,26197.4,0.005538759540120981,0.008425948452545724,220.73794199072137
21-11-2025,26063.95,-0.005107035698518231,0.008423806466163258,219.55767054375585
24-11-2025,25943.35,-0.004637818774249871,0.00842139638767571,218.47923397420664
25-11-2025,25860.3,-0.003206340524285164,0.008418315472299851,217.70016360831585
26-11-2025,26202.7,0.013153484688029932,0.008423143708006127,220.70910763777215
27-11-2025,26219.85,0.0006542986028659839,0.008419350483160042,220.75410676588382
28-11-2025,26204.55,-0.0005836976840706469,0.008415619750866191,220.52752854256065
01-12-2025,26175.95,-0.0010920095395075657,0.008411964872110943,220.19117189413245
02-12-2025,26055.65,-0.004606414994792113,0.008409558743177371,219.11651926666948
03-12-2025,25981.15,-0.0028633601951339356,0.008406373338282005,218.40724665790552
04-12-2025,26010.35,0.0011232606510745318,0.008402626338537703,218.55525198458412
05-12-2025,26176.65,0.006373256286158924,0.008400724450276596,219.90282368133285
08-12-2025,25932.55,-0.009368855614611158,0.008402112172772182,217.88819402602323
09-12-2025,25841.75,-0.00350753532510137,0.008399189536232888,217.0497561979462
10-12-2025,25742.65,-0.003842251607730112,0.008396416530106919,216.1460119887569
11-12-2025,25898.4,0.006032041263818738,0.008394323793857496,217.399555342839
12-12-2025,26043.0,0.005567827342284085,0.008391967751004583,218.55201613941236
15-12-2025,26014.0,-0.0011141634362315407,0.008388358433998856,218.21475630204625
16-12-2025,25850.15,-0.0063184509960161174,0.008387057964614262,216.80670644397335
17-12-2025,25822.65,-0.0010643898761549125,0.00838344796878641,216.48284269118238
18-12-2025,25815.65,-0.0002711165953518167,0.008379748687219699,216.32865919722323
19-12-2025,25961.4,0.005629922329465941,0.008377448494365971,217.49029134163274
22-12-2025,26162.75,0.00772582388470037,0.008376530020761344,219.15306080067384
23-12-2025,26164.55,6.879774040355625e-05,0.008372824290747668,219.07117979648189
24-12-2025,26141.65,-0.0008756132719683158,0.008369209660026538,218.78494970903276
26-12-2025,26047.65,-0.003602274858958477,0.00836637701707875,217.9244603089113
29-12-2025,25949.8,-0.003763650544566279,0.00836361741745257,217.03419925941068
30-12-2025,25961.2,0.000439213275924629,0.008359922431443451,217.03361822718972
31-12-2025,26141.85,0.006934362724824774,0.008358449874816052,218.50534285996
